column,source,total_sampled,empty,empty_pct,integer,integer_pct,float,float_pct,hex,hex_pct,multi_value,multi_value_pct,true_false,true_false_pct,set_notset,set_notset_pct,string,string_pct
acknowledgment,attack,14044724,128,9.113742641008822e-06,0,0.0,0,0.0,0,0.0,0,0.0,0,0.0,14044596,0.999990886257359,0,0.0
acknowledgment,normal,45580102,229146,0.005027325300851674,0,0.0,0,0.0,0,0.0,0,0.0,45350956,0.9949726746991483,0,0.0,0,0.0
calculated_window_size,attack,14044724,128,9.113742641008822e-06,14044596,0.999990886257359,0,0.0,0,0.0,0,0.0,0,0.0,0,0.0,0,0.0
calculated_window_size,normal,45580102,229146,0.005027325300851674,45350956,0.9949726746991483,0,0.0,0,0.0,0,0.0,0,0.0,0,0.0,0,0.0
clean_session_flag_1,attack,14044724,12016491,0.8555875501718653,0,0.0,0,0.0,0,0.0,0,0.0,0,0.0,2028233,0.14441244982813475,0,0.0
clean_session_flag_1,normal,45580102,45580102,1.0,0,0.0,0,0.0,0,0.0,0,0.0,0,0.0,0,0.0,0,0.0
clean_session_flag_2,attack,14044724,12016491,0.8555875501718653,0,0.0,0,0.0,0,0.0,0,0.0,0,0.0,2028233,0.14441244982813475,0,0.0
clean_session_flag_2,normal,45580102,42152198,0.9247938497373261,0,0.0,0,0.0,0,0.0,0,0.0,3427904,0.07520615026267383,0,0.0,0,0.0
epoch_time,attack,14044724,0,0.0,0,0.0,14044724,1.0,0,0.0,0,0.0,0,0.0,0,0.0,0,0.0
epoch_time,normal,45580102,0,0.0,0,0.0,45580102,1.0,0,0.0,0,0.0,0,0.0,0,0.0,0,0.0
frame_length_on_wire_1,attack,14044724,0,0.0,14044724,1.0,0,0.0,0,0.0,0,0.0,0,0.0,0,0.0,0,0.0
frame_length_on_wire_1,normal,45580102,45580102,1.0,0,0.0,0,0.0,0,0.0,0,0.0,0,0.0,0,0.0,0,0.0
frame_length_on_wire_2,attack,14044724,0,0.0,14044724,1.0,0,0.0,0,0.0,0,0.0,0,0.0,0,0.0,0,0.0
frame_length_on_wire_2,normal,45580102,0,0.0,45580102,1.0,0,0.0,0,0.0,0,0.0,0,0.0,0,0.0,0,0.0
info,attack,14044724,0,0.0,0,0.0,0,0.0,0,0.0,2468322,0.17574727705578266,0,0.0,0,0.0,11576402,0.8242527229442174
info,normal,45580102,0,0.0,0,0.0,0,0.0,0,0.0,16738578,0.36723432518865357,0,0.0,0,0.0,28841524,0.6327656748113464
irtt,attack,14044724,7614068,0.5421301265870372,0,0.0,6430656,0.45786987341296276,0,0.0,0,0.0,0,0.0,0,0.0,0,0.0
irtt,normal,45580102,15758064,0.34572243826922544,0,0.0,29822038,0.6542775617307746,0,0.0,0,0.0,0,0.0,0,0.0,0,0.0
keep_alive,attack,14044724,12016491,0.8555875501718653,2028233,0.14441244982813475,0,0.0,0,0.0,0,0.0,0,0.0,0,0.0,0,0.0
keep_alive,normal,45580102,42152198,0.9247938497373261,3427904,0.07520615026267383,0,0.0,0,0.0,0,0.0,0,0.0,0,0.0,0,0.0
message_type,attack,14044724,11347522,0.8079562118842635,0,0.0,0,0.0,0,0.0,221478,0.015769480411291812,0,0.0,0,0.0,2475724,0.17627430770444474
message_type,normal,45580102,26558082,0.5826683318962297,19022020,0.41733166810377037,0,0.0,0,0.0,0,0.0,0,0.0,0,0.0,0,0.0
msg_len,attack,14044724,11347522,0.8079562118842635,2475724,0.17627430770444474,0,0.0,0,0.0,221478,0.015769480411291812,0,0.0,0,0.0,0,0.0
msg_len,normal,45580102,26558082,0.5826683318962297,19022020,0.41733166810377037,0,0.0,0,0.0,0,0.0,0,0.0,0,0.0,0,0.0
no,attack,14044724,0,0.0,14044724,1.0,0,0.0,0,0.0,0,0.0,0,0.0,0,0.0,0,0.0
no,normal,45580102,0,0.0,45580102,1.0,0,0.0,0,0.0,0,0.0,0,0.0,0,0.0,0,0.0
password_length,attack,14044724,12016491,0.8555875501718653,2028233,0.14441244982813475,0,0.0,0,0.0,0,0.0,0,0.0,0,0.0,0,0.0
password_length,normal,45580102,42152198,0.9247938497373261,3427904,0.07520615026267383,0,0.0,0,0.0,0,0.0,0,0.0,0,0.0,0,0.0
protocol,attack,14044724,0,0.0,0,0.0,0,0.0,0,0.0,0,0.0,0,0.0,0,0.0,14044724,1.0
protocol,normal,45580102,0,0.0,0,0.0,0,0.0,0,0.0,0,0.0,0,0.0,0,0.0,45580102,1.0
qos_level_1,attack,14044724,13815913,0.9837084018169385,0,0.0,0,0.0,0,0.0,126570,0.009011925047441303,0,0.0,0,0.0,102241,0.00727967313562018
qos_level_1,normal,45580102,40107776,0.8799404617392037,5472326,0.12005953826079635,0,0.0,0,0.0,0,0.0,0,0.0,0,0.0,0,0.0
qos_level_2,attack,14044724,12016491,0.8555875501718653,0,0.0,0,0.0,0,0.0,0,0.0,0,0.0,0,0.0,2028233,0.14441244982813475
qos_level_2,normal,45580102,42152198,0.9247938497373261,3427904,0.07520615026267383,0,0.0,0,0.0,0,0.0,0,0.0,0,0.0,0,0.0
requested_qos,attack,14044724,13994155,0.9963994308467721,0,0.0,0,0.0,0,0.0,50569,0.003600569153227931,0,0.0,0,0.0,0,0.0
requested_qos,normal,45580102,45580090,0.9999997367272236,12,2.6327277635315515e-07,0,0.0,0,0.0,0,0.0,0,0.0,0,0.0,0,0.0
reset,attack,14044724,128,9.113742641008822e-06,0,0.0,0,0.0,0,0.0,0,0.0,0,0.0,14044596,0.999990886257359,0,0.0
reset,normal,45580102,229146,0.005027325300851674,0,0.0,0,0.0,0,0.0,0,0.0,45350956,0.9949726746991483,0,0.0,0,0.0
retain,attack,14044724,13815913,0.9837084018169385,0,0.0,0,0.0,0,0.0,126570,0.009011925047441303,0,0.0,102241,0.00727967313562018,0,0.0
retain,normal,45580102,40107776,0.8799404617392037,0,0.0,0,0.0,0,0.0,0,0.0,5472326,0.12005953826079635,0,0.0,0,0.0
source,attack,14044724,0,0.0,0,0.0,0,0.0,0,0.0,0,0.0,0,0.0,0,0.0,14044724,1.0
source,normal,45580102,0,0.0,0,0.0,0,0.0,0,0.0,0,0.0,0,0.0,0,0.0,45580102,1.0
stream_index,attack,14044724,128,9.113742641008822e-06,14044596,0.999990886257359,0,0.0,0,0.0,0,0.0,0,0.0,0,0.0,0,0.0
stream_index,normal,45580102,229146,0.005027325300851674,45350956,0.9949726746991483,0,0.0,0,0.0,0,0.0,0,0.0,0,0.0,0,0.0
syn,attack,14044724,128,9.113742641008822e-06,0,0.0,0,0.0,0,0.0,0,0.0,0,0.0,14044596,0.999990886257359,0,0.0
syn,normal,45580102,229146,0.005027325300851674,0,0.0,0,0.0,0,0.0,0,0.0,45350956,0.9949726746991483,0,0.0,0,0.0
tcp_segment_len,attack,14044724,128,9.113742641008822e-06,14044596,0.999990886257359,0,0.0,0,0.0,0,0.0,0,0.0,0,0.0,0,0.0
tcp_segment_len,normal,45580102,229146,0.005027325300851674,45350956,0.9949726746991483,0,0.0,0,0.0,0,0.0,0,0.0,0,0.0,0,0.0
time_delta_from_previous_displayed_frame,attack,14044724,0,0.0,0,0.0,14044724,1.0,0,0.0,0,0.0,0,0.0,0,0.0,0,0.0
time_delta_from_previous_displayed_frame,normal,45580102,0,0.0,0,0.0,45580102,1.0,0,0.0,0,0.0,0,0.0,0,0.0,0,0.0
time_since_first_frame_in_this_tcp_stream,attack,14044724,128,9.113742641008822e-06,0,0.0,14044596,0.999990886257359,0,0.0,0,0.0,0,0.0,0,0.0,0,0.0
time_since_first_frame_in_this_tcp_stream,normal,45580102,229146,0.005027325300851674,0,0.0,45350956,0.9949726746991483,0,0.0,0,0.0,0,0.0,0,0.0,0,0.0
time_since_reference_or_first_frame,attack,14044724,0,0.0,0,0.0,14044724,1.0,0,0.0,0,0.0,0,0.0,0,0.0,0,0.0
time_since_reference_or_first_frame,normal,45580102,0,0.0,0,0.0,45580102,1.0,0,0.0,0,0.0,0,0.0,0,0.0,0,0.0
topic_length,attack,14044724,13765344,0.9801078326637106,102243,0.007279815537848946,0,0.0,0,0.0,177137,0.012612351798440467,0,0.0,0,0.0,0,0.0
topic_length,normal,45580102,40107628,0.8799372147082953,5472474,0.12006278529170471,0,0.0,0,0.0,0,0.0,0,0.0,0,0.0,0,0.0
user_name_length,attack,14044724,12016491,0.8555875501718653,2028233,0.14441244982813475,0,0.0,0,0.0,0,0.0,0,0.0,0,0.0,0,0.0
user_name_length,normal,45580102,42152198,0.9247938497373261,3427904,0.07520615026267383,0,0.0,0,0.0,0,0.0,0,0.0,0,0.0,0,0.0
will_flag,attack,14044724,12016491,0.8555875501718653,0,0.0,0,0.0,0,0.0,0,0.0,0,0.0,2028233,0.14441244982813475,0,0.0
will_flag,normal,45580102,42152198,0.9247938497373261,0,0.0,0,0.0,0,0.0,0,0.0,3427904,0.07520615026267383,0,0.0,0,0.0
will_message_length,attack,14044724,14019310,0.9981904948790734,25414,0.0018095051209265486,0,0.0,0,0.0,0,0.0,0,0.0,0,0.0,0,0.0
will_message_length,normal,45580102,45580102,1.0,0,0.0,0,0.0,0,0.0,0,0.0,0,0.0,0,0.0,0,0.0
will_retain,attack,14044724,12016491,0.8555875501718653,0,0.0,0,0.0,0,0.0,0,0.0,0,0.0,2028233,0.14441244982813475,0,0.0
will_retain,normal,45580102,42152198,0.9247938497373261,0,0.0,0,0.0,0,0.0,0,0.0,3427904,0.07520615026267383,0,0.0,0,0.0
will_topic_length,attack,14044724,14019310,0.9981904948790734,25414,0.0018095051209265486,0,0.0,0,0.0,0,0.0,0,0.0,0,0.0,0,0.0
will_topic_length,normal,45580102,45580102,1.0,0,0.0,0,0.0,0,0.0,0,0.0,0,0.0,0,0.0,0,0.0
