column,source,token,count
acknowledgment,attack,Set,7596583
acknowledgment,attack,Not set,6448013
acknowledgment,normal,True,41914390
acknowledgment,normal,False,3436566
clean_session_flag_2,attack,Set,1977861
clean_session_flag_2,attack,Not set,50372
clean_session_flag_2,normal,True,3427904
message_type,attack,Connect Command,2028262
message_type,attack,Publish Message,1071131
message_type,attack,Subscribe Request,151632
message_type,attack,Publish Ack,147588
message_type,attack,Publish Release,106883
message_type,attack,Publish Received,95288
message_type,attack,Publish Complete,94614
message_type,attack,Connect Ack,33215
message_type,attack,Ping Request,733
message_type,attack,Publish ReceivedP,79
message_type,attack,Publish CompleteP,65
message_type,attack,Ping Response,61
message_type,attack,Reserved,6
message_type,attack,Publish Re,6
message_type,attack,Publi,4
message_type,attack,P,3
message_type,attack,Publish Rele,3
message_type,attack,Publish R,3
message_type,attack,Pu,2
message_type,attack,Publish C,2
message_type,attack,Publish Co,2
message_type,attack,Publish Com,2
message_type,attack,Unsubscribe Ack,1
message_type,attack,Publish Rel,1
message_type,attack,Publish MessageP,1
message_type,attack,Publish Mess,1
message_type,attack,Authentication Exchange,1
message_type,attack,Pub,1
message_type,attack,Publ,1
message_type,normal,3,5346685
message_type,normal,4,3931849
message_type,normal,2,3428090
message_type,normal,1,3427963
message_type,normal,5,971499
message_type,normal,6,965826
message_type,normal,7,937715
message_type,normal,12,6055
message_type,normal,13,6052
message_type,normal,0,125
message_type,normal,15,56
message_type,normal,8,40
message_type,normal,9,26
message_type,normal,14,19
message_type,normal,10,14
message_type,normal,11,6
protocol,attack,TCP,11347407
protocol,attack,MQTT,2697189
protocol,attack,RIPv2,128
protocol,normal,TCP,26328963
protocol,normal,MQTT,19021993
protocol,normal,STP,168958
protocol,normal,LOOP,33855
protocol,normal,RIPv2,12206
protocol,normal,SSDP,7546
protocol,normal,CDP,5642
protocol,normal,LLDP,362
protocol,normal,NBNS,120
protocol,normal,MDNS,88
protocol,normal,DNS,80
protocol,normal,ICMP,80
protocol,normal,ARP,73
protocol,normal,LLMNR,54
protocol,normal,DHCPv6,44
protocol,normal,ICMPv6,22
protocol,normal,IGMPv3,16
qos_level_1,attack,Exactly once delivery (Assured Delivery),389895
qos_level_1,attack,At least once delivery (Acknowledged deliver),187648
qos_level_1,attack,Exactly o,47627
qos_level_1,attack,At most once delivery (Fire and Forget),8605
qos_level_1,attack,At least once delivery (A,2294
qos_level_1,attack,At most once de,6
qos_level_1,attack,Exac,2
qos_level_1,attack,Reserved,1
qos_level_1,normal,1,3682000
qos_level_1,normal,2,1725475
qos_level_1,normal,0,64809
qos_level_1,normal,3,42
qos_level_2,attack,At most once delivery (Fire and Forget),2002819
qos_level_2,attack,Exactly once delivery (Assured Delivery),25414
qos_level_2,normal,0,3427904
requested_qos,attack,At least once delivery (Acknowledged deliver),252845
requested_qos,attack,At least once delivery (A,50569
requested_qos,normal,1,6
requested_qos,normal,0,3
requested_qos,normal,2,3
reset,attack,Not set,9576002
reset,attack,Set,4468594
reset,normal,False,45031235
reset,normal,True,319721
retain,attack,Not set,1130187
retain,attack,Set,71
retain,normal,False,5471722
retain,normal,True,604
syn,attack,Not set,11932631
syn,attack,Set,2111965
syn,normal,False,38494952
syn,normal,True,6856004
will_flag,attack,Not set,2002819
will_flag,attack,Set,25414
will_flag,normal,False,3427904
will_retain,attack,Not set,2002819
will_retain,attack,Set,25414
will_retain,normal,False,3427904
