path,source,n_cols,matches_expected
C:\Users\Lenovo legion 5\Downloads\data\DoS-DDoS-MQTT-IoT_Dataset\Basic Connect Flooding\DoS\CSV Files\BF1_DoS_AD_12.csv,attack,33,True
C:\Users\Lenovo legion 5\Downloads\data\DoS-DDoS-MQTT-IoT_Dataset\Basic Connect Flooding\DoS\CSV Files\BF1_DoS_AD_13.csv,attack,33,True
C:\Users\Lenovo legion 5\Downloads\data\DoS-DDoS-MQTT-IoT_Dataset\Basic Connect Flooding\DoS\CSV Files\BF1_DoS_AD_14.csv,attack,33,True
C:\Users\Lenovo legion 5\Downloads\data\DoS-DDoS-MQTT-IoT_Dataset\Basic Connect Flooding\DoS\CSV Files\BF1_DoS_AD_15.csv,attack,33,True
C:\Users\Lenovo legion 5\Downloads\data\DoS-DDoS-MQTT-IoT_Dataset\Basic Connect Flooding\DoS\CSV Files\BF1_DoS_AD_16.csv,attack,33,True
C:\Users\Lenovo legion 5\Downloads\data\DoS-DDoS-MQTT-IoT_Dataset\Basic Connect Flooding\DoS\CSV Files\BF1_DoS_AD_17.csv,attack,33,True
C:\Users\Lenovo legion 5\Downloads\data\DoS-DDoS-MQTT-IoT_Dataset\Basic Connect Flooding\DoS\CSV Files\BF1_DoS_AD_18.csv,attack,33,True
C:\Users\Lenovo legion 5\Downloads\data\DoS-DDoS-MQTT-IoT_Dataset\Basic Connect Flooding\DoS\CSV Files\BF1_DoS_AD_19.csv,attack,33,True
C:\Users\Lenovo legion 5\Downloads\data\DoS-DDoS-MQTT-IoT_Dataset\Basic Connect Flooding\DoS\CSV Files\BF1_DoS_AD_20.csv,attack,33,True
C:\Users\Lenovo legion 5\Downloads\data\DoS-DDoS-MQTT-IoT_Dataset\Basic Connect Flooding\DoS\CSV Files\BF1_DoS_AD_21.csv,attack,33,True
C:\Users\Lenovo legion 5\Downloads\data\DoS-DDoS-MQTT-IoT_Dataset\Basic Connect Flooding\DoS\CSV Files\BF1_DoS_AD_22.csv,attack,33,True
C:\Users\Lenovo legion 5\Downloads\data\DoS-DDoS-MQTT-IoT_Dataset\Basic Connect Flooding\DoS\CSV Files\BF1_DoS_AD_23.csv,attack,33,True
C:\Users\Lenovo legion 5\Downloads\data\DoS-DDoS-MQTT-IoT_Dataset\Basic Connect Flooding\DoS\CSV Files\BF1_DoS_AD_24.csv,attack,33,True
C:\Users\Lenovo legion 5\Downloads\data\DoS-DDoS-MQTT-IoT_Dataset\Basic Connect Flooding\DoS\CSV Files\BF1_DoS_AD_25.csv,attack,33,True
C:\Users\Lenovo legion 5\Downloads\data\DoS-DDoS-MQTT-IoT_Dataset\Basic Connect Flooding\DoS\CSV Files\BF1_DoS_AD_26.csv,attack,33,True
C:\Users\Lenovo legion 5\Downloads\data\DoS-DDoS-MQTT-IoT_Dataset\Basic Connect Flooding\DoS\CSV Files\BF1_DoS_AD_27.csv,attack,33,True
C:\Users\Lenovo legion 5\Downloads\data\DoS-DDoS-MQTT-IoT_Dataset\Basic Connect Flooding\DoS\CSV Files\BF1_DoS_AD_28.csv,attack,33,True
C:\Users\Lenovo legion 5\Downloads\data\DoS-DDoS-MQTT-IoT_Dataset\Basic Connect Flooding\DoS\CSV Files\BF1_DoS_AD_29.csv,attack,33,True
C:\Users\Lenovo legion 5\Downloads\data\DoS-DDoS-MQTT-IoT_Dataset\Basic Connect Flooding\DoS\CSV Files\BF1_DoS_AD_30.csv,attack,33,True
C:\Users\Lenovo legion 5\Downloads\data\DoS-DDoS-MQTT-IoT_Dataset\Basic Connect Flooding\DDoS\CSV Files\BF1_DDoS_AD_1.csv,attack,33,True
C:\Users\Lenovo legion 5\Downloads\data\DoS-DDoS-MQTT-IoT_Dataset\Basic Connect Flooding\DDoS\CSV Files\BF1_DDoS_AD_10.csv,attack,33,True
C:\Users\Lenovo legion 5\Downloads\data\DoS-DDoS-MQTT-IoT_Dataset\Basic Connect Flooding\DDoS\CSV Files\BF1_DDoS_AD_11.csv,attack,33,True
C:\Users\Lenovo legion 5\Downloads\data\DoS-DDoS-MQTT-IoT_Dataset\Basic Connect Flooding\DDoS\CSV Files\BF1_DDoS_AD_12.csv,attack,33,True
C:\Users\Lenovo legion 5\Downloads\data\DoS-DDoS-MQTT-IoT_Dataset\Basic Connect Flooding\DDoS\CSV Files\BF1_DDoS_AD_13.csv,attack,33,True
C:\Users\Lenovo legion 5\Downloads\data\DoS-DDoS-MQTT-IoT_Dataset\Basic Connect Flooding\DDoS\CSV Files\BF1_DDoS_AD_14.csv,attack,33,True
C:\Users\Lenovo legion 5\Downloads\data\DoS-DDoS-MQTT-IoT_Dataset\Basic Connect Flooding\DDoS\CSV Files\BF1_DDoS_AD_15.csv,attack,33,True
C:\Users\Lenovo legion 5\Downloads\data\DoS-DDoS-MQTT-IoT_Dataset\Basic Connect Flooding\DDoS\CSV Files\BF1_DDoS_AD_16.csv,attack,33,True
C:\Users\Lenovo legion 5\Downloads\data\DoS-DDoS-MQTT-IoT_Dataset\Basic Connect Flooding\DDoS\CSV Files\BF1_DDoS_AD_17.csv,attack,33,True
C:\Users\Lenovo legion 5\Downloads\data\DoS-DDoS-MQTT-IoT_Dataset\Basic Connect Flooding\DDoS\CSV Files\BF1_DDoS_AD_18.csv,attack,33,True
C:\Users\Lenovo legion 5\Downloads\data\DoS-DDoS-MQTT-IoT_Dataset\Basic Connect Flooding\DDoS\CSV Files\BF1_DDoS_AD_19.csv,attack,33,True
C:\Users\Lenovo legion 5\Downloads\data\DoS-DDoS-MQTT-IoT_Dataset\Basic Connect Flooding\DDoS\CSV Files\BF1_DDoS_AD_2.csv,attack,33,True
C:\Users\Lenovo legion 5\Downloads\data\DoS-DDoS-MQTT-IoT_Dataset\Basic Connect Flooding\DDoS\CSV Files\BF1_DDoS_AD_20.csv,attack,33,True
C:\Users\Lenovo legion 5\Downloads\data\DoS-DDoS-MQTT-IoT_Dataset\Basic Connect Flooding\DDoS\CSV Files\BF1_DDoS_AD_3.csv,attack,33,True
C:\Users\Lenovo legion 5\Downloads\data\DoS-DDoS-MQTT-IoT_Dataset\Basic Connect Flooding\DDoS\CSV Files\BF1_DDoS_AD_31.csv,attack,33,True
C:\Users\Lenovo legion 5\Downloads\data\DoS-DDoS-MQTT-IoT_Dataset\Basic Connect Flooding\DDoS\CSV Files\BF1_DDoS_AD_4.csv,attack,33,True
C:\Users\Lenovo legion 5\Downloads\data\DoS-DDoS-MQTT-IoT_Dataset\Basic Connect Flooding\DDoS\CSV Files\BF1_DDoS_AD_5.csv,attack,33,True
C:\Users\Lenovo legion 5\Downloads\data\DoS-DDoS-MQTT-IoT_Dataset\Basic Connect Flooding\DDoS\CSV Files\BF1_DDoS_AD_6.csv,attack,33,True
C:\Users\Lenovo legion 5\Downloads\data\DoS-DDoS-MQTT-IoT_Dataset\Basic Connect Flooding\DDoS\CSV Files\BF1_DDoS_AD_7.csv,attack,33,True
C:\Users\Lenovo legion 5\Downloads\data\DoS-DDoS-MQTT-IoT_Dataset\Basic Connect Flooding\DDoS\CSV Files\BF1_DDoS_AD_8.csv,attack,33,True
C:\Users\Lenovo legion 5\Downloads\data\DoS-DDoS-MQTT-IoT_Dataset\Basic Connect Flooding\DDoS\CSV Files\BF1_DDoS_AD_9.csv,attack,33,True
C:\Users\Lenovo legion 5\Downloads\data\DoS-DDoS-MQTT-IoT_Dataset\Connect Flooding with WILL payload\DoS\CSV Files\WILL_DoS_AD_11.csv,attack,33,True
C:\Users\Lenovo legion 5\Downloads\data\DoS-DDoS-MQTT-IoT_Dataset\Connect Flooding with WILL payload\DDoS\CSV Files\WILL_DDoS_AD_1.csv,attack,33,True
C:\Users\Lenovo legion 5\Downloads\data\DoS-DDoS-MQTT-IoT_Dataset\Delayed Connect Flooding\DoS\CSV Files\Delay_DoS_AD_11.csv,attack,33,True
C:\Users\Lenovo legion 5\Downloads\data\DoS-DDoS-MQTT-IoT_Dataset\Delayed Connect Flooding\DDoS\CSV Files\Delay_DDoS_AD_1.csv,attack,33,True
C:\Users\Lenovo legion 5\Downloads\data\DoS-DDoS-MQTT-IoT_Dataset\Invalid Subscription Flooding\DoS\CSV Files\Sub_DoS_AD_11.csv,attack,33,True
C:\Users\Lenovo legion 5\Downloads\data\DoS-DDoS-MQTT-IoT_Dataset\Invalid Subscription Flooding\DDoS\CSV Files\Sub_DDoS_AD_1.csv,attack,33,True
C:\Users\Lenovo legion 5\Downloads\data\DoS-DDoS-MQTT-IoT_Dataset\SYN TCP Flooding\DoS\CSV Files\SYN_DoS_AD_1.csv,attack,33,True
C:\Users\Lenovo legion 5\Downloads\data\DoS-DDoS-MQTT-IoT_Dataset\SYN TCP Flooding\DDoS\CSV Files\SYN_DDoS-AD_1.csv,attack,33,True
C:\Users\Lenovo legion 5\Downloads\data\DoS-DDoS-MQTT-IoT_Dataset\NormalData\CSV_Extracted_Split\Pcap_Files__NormalData10_part001.csv,normal,35,True
C:\Users\Lenovo legion 5\Downloads\data\DoS-DDoS-MQTT-IoT_Dataset\NormalData\CSV_Extracted_Split\Pcap_Files__NormalData10_part002.csv,normal,35,True
C:\Users\Lenovo legion 5\Downloads\data\DoS-DDoS-MQTT-IoT_Dataset\NormalData\CSV_Extracted_Split\Pcap_Files__NormalData10_part003.csv,normal,35,True
C:\Users\Lenovo legion 5\Downloads\data\DoS-DDoS-MQTT-IoT_Dataset\NormalData\CSV_Extracted_Split\Pcap_Files__NormalData10_part004.csv,normal,35,True
C:\Users\Lenovo legion 5\Downloads\data\DoS-DDoS-MQTT-IoT_Dataset\NormalData\CSV_Extracted_Split\Pcap_Files__NormalData10_part005.csv,normal,35,True
C:\Users\Lenovo legion 5\Downloads\data\DoS-DDoS-MQTT-IoT_Dataset\NormalData\CSV_Extracted_Split\Pcap_Files__NormalData10_part006.csv,normal,35,True
C:\Users\Lenovo legion 5\Downloads\data\DoS-DDoS-MQTT-IoT_Dataset\NormalData\CSV_Extracted_Split\Pcap_Files__NormalData10_part007.csv,normal,35,True
C:\Users\Lenovo legion 5\Downloads\data\DoS-DDoS-MQTT-IoT_Dataset\NormalData\CSV_Extracted_Split\Pcap_Files__NormalData10_part008.csv,normal,35,True
C:\Users\Lenovo legion 5\Downloads\data\DoS-DDoS-MQTT-IoT_Dataset\NormalData\CSV_Extracted_Split\Pcap_Files__NormalData10_part009.csv,normal,35,True
C:\Users\Lenovo legion 5\Downloads\data\DoS-DDoS-MQTT-IoT_Dataset\NormalData\CSV_Extracted_Split\Pcap_Files__NormalData10_part010.csv,normal,35,True
C:\Users\Lenovo legion 5\Downloads\data\DoS-DDoS-MQTT-IoT_Dataset\NormalData\CSV_Extracted_Split\Pcap_Files__NormalData10_part011.csv,normal,35,True
C:\Users\Lenovo legion 5\Downloads\data\DoS-DDoS-MQTT-IoT_Dataset\NormalData\CSV_Extracted_Split\Pcap_Files__NormalData10_part012.csv,normal,35,True
C:\Users\Lenovo legion 5\Downloads\data\DoS-DDoS-MQTT-IoT_Dataset\NormalData\CSV_Extracted_Split\Pcap_Files__NormalData10_part013.csv,normal,35,True
C:\Users\Lenovo legion 5\Downloads\data\DoS-DDoS-MQTT-IoT_Dataset\NormalData\CSV_Extracted_Split\Pcap_Files__NormalData10_part014.csv,normal,35,True
C:\Users\Lenovo legion 5\Downloads\data\DoS-DDoS-MQTT-IoT_Dataset\NormalData\CSV_Extracted_Split\Pcap_Files__NormalData10_part015.csv,normal,35,True
C:\Users\Lenovo legion 5\Downloads\data\DoS-DDoS-MQTT-IoT_Dataset\NormalData\CSV_Extracted_Split\Pcap_Files__NormalData10_part016.csv,normal,35,True
C:\Users\Lenovo legion 5\Downloads\data\DoS-DDoS-MQTT-IoT_Dataset\NormalData\CSV_Extracted_Split\Pcap_Files__NormalData10_part017.csv,normal,35,True
C:\Users\Lenovo legion 5\Downloads\data\DoS-DDoS-MQTT-IoT_Dataset\NormalData\CSV_Extracted_Split\Pcap_Files__NormalData10_part018.csv,normal,35,True
C:\Users\Lenovo legion 5\Downloads\data\DoS-DDoS-MQTT-IoT_Dataset\NormalData\CSV_Extracted_Split\Pcap_Files__NormalData10_part019.csv,normal,35,True
C:\Users\Lenovo legion 5\Downloads\data\DoS-DDoS-MQTT-IoT_Dataset\NormalData\CSV_Extracted_Split\Pcap_Files__NormalData10_part020.csv,normal,35,True
C:\Users\Lenovo legion 5\Downloads\data\DoS-DDoS-MQTT-IoT_Dataset\NormalData\CSV_Extracted_Split\Pcap_Files__NormalData11_part001.csv,normal,35,True
C:\Users\Lenovo legion 5\Downloads\data\DoS-DDoS-MQTT-IoT_Dataset\NormalData\CSV_Extracted_Split\Pcap_Files__NormalData11_part002.csv,normal,35,True
C:\Users\Lenovo legion 5\Downloads\data\DoS-DDoS-MQTT-IoT_Dataset\NormalData\CSV_Extracted_Split\Pcap_Files__NormalData11_part003.csv,normal,35,True
C:\Users\Lenovo legion 5\Downloads\data\DoS-DDoS-MQTT-IoT_Dataset\NormalData\CSV_Extracted_Split\Pcap_Files__NormalData11_part004.csv,normal,35,True
C:\Users\Lenovo legion 5\Downloads\data\DoS-DDoS-MQTT-IoT_Dataset\NormalData\CSV_Extracted_Split\Pcap_Files__NormalData11_part005.csv,normal,35,True
C:\Users\Lenovo legion 5\Downloads\data\DoS-DDoS-MQTT-IoT_Dataset\NormalData\CSV_Extracted_Split\Pcap_Files__NormalData11_part006.csv,normal,35,True
C:\Users\Lenovo legion 5\Downloads\data\DoS-DDoS-MQTT-IoT_Dataset\NormalData\CSV_Extracted_Split\Pcap_Files__NormalData11_part007.csv,normal,35,True
C:\Users\Lenovo legion 5\Downloads\data\DoS-DDoS-MQTT-IoT_Dataset\NormalData\CSV_Extracted_Split\Pcap_Files__NormalData11_part008.csv,normal,35,True
C:\Users\Lenovo legion 5\Downloads\data\DoS-DDoS-MQTT-IoT_Dataset\NormalData\CSV_Extracted_Split\Pcap_Files__NormalData11_part009.csv,normal,35,True
C:\Users\Lenovo legion 5\Downloads\data\DoS-DDoS-MQTT-IoT_Dataset\NormalData\CSV_Extracted_Split\Pcap_Files__NormalData11_part010.csv,normal,35,True
C:\Users\Lenovo legion 5\Downloads\data\DoS-DDoS-MQTT-IoT_Dataset\NormalData\CSV_Extracted_Split\Pcap_Files__NormalData11_part011.csv,normal,35,True
C:\Users\Lenovo legion 5\Downloads\data\DoS-DDoS-MQTT-IoT_Dataset\NormalData\CSV_Extracted_Split\Pcap_Files__NormalData11_part012.csv,normal,35,True
C:\Users\Lenovo legion 5\Downloads\data\DoS-DDoS-MQTT-IoT_Dataset\NormalData\CSV_Extracted_Split\Pcap_Files__NormalData11_part013.csv,normal,35,True
C:\Users\Lenovo legion 5\Downloads\data\DoS-DDoS-MQTT-IoT_Dataset\NormalData\CSV_Extracted_Split\Pcap_Files__NormalData11_part014.csv,normal,35,True
C:\Users\Lenovo legion 5\Downloads\data\DoS-DDoS-MQTT-IoT_Dataset\NormalData\CSV_Extracted_Split\Pcap_Files__NormalData11_part015.csv,normal,35,True
C:\Users\Lenovo legion 5\Downloads\data\DoS-DDoS-MQTT-IoT_Dataset\NormalData\CSV_Extracted_Split\Pcap_Files__NormalData11_part016.csv,normal,35,True
C:\Users\Lenovo legion 5\Downloads\data\DoS-DDoS-MQTT-IoT_Dataset\NormalData\CSV_Extracted_Split\Pcap_Files__NormalData11_part017.csv,normal,35,True
C:\Users\Lenovo legion 5\Downloads\data\DoS-DDoS-MQTT-IoT_Dataset\NormalData\CSV_Extracted_Split\Pcap_Files__NormalData11_part018.csv,normal,35,True
C:\Users\Lenovo legion 5\Downloads\data\DoS-DDoS-MQTT-IoT_Dataset\NormalData\CSV_Extracted_Split\Pcap_Files__NormalData11_part019.csv,normal,35,True
C:\Users\Lenovo legion 5\Downloads\data\DoS-DDoS-MQTT-IoT_Dataset\NormalData\CSV_Extracted_Split\Pcap_Files__NormalData11_part020.csv,normal,35,True
C:\Users\Lenovo legion 5\Downloads\data\DoS-DDoS-MQTT-IoT_Dataset\NormalData\CSV_Extracted_Split\Pcap_Files__NormalData12_part001.csv,normal,35,True
C:\Users\Lenovo legion 5\Downloads\data\DoS-DDoS-MQTT-IoT_Dataset\NormalData\CSV_Extracted_Split\Pcap_Files__NormalData12_part002.csv,normal,35,True
C:\Users\Lenovo legion 5\Downloads\data\DoS-DDoS-MQTT-IoT_Dataset\NormalData\CSV_Extracted_Split\Pcap_Files__NormalData12_part003.csv,normal,35,True
C:\Users\Lenovo legion 5\Downloads\data\DoS-DDoS-MQTT-IoT_Dataset\NormalData\CSV_Extracted_Split\Pcap_Files__NormalData12_part004.csv,normal,35,True
C:\Users\Lenovo legion 5\Downloads\data\DoS-DDoS-MQTT-IoT_Dataset\NormalData\CSV_Extracted_Split\Pcap_Files__NormalData12_part005.csv,normal,35,True
C:\Users\Lenovo legion 5\Downloads\data\DoS-DDoS-MQTT-IoT_Dataset\NormalData\CSV_Extracted_Split\Pcap_Files__NormalData12_part006.csv,normal,35,True
C:\Users\Lenovo legion 5\Downloads\data\DoS-DDoS-MQTT-IoT_Dataset\NormalData\CSV_Extracted_Split\Pcap_Files__NormalData12_part007.csv,normal,35,True
C:\Users\Lenovo legion 5\Downloads\data\DoS-DDoS-MQTT-IoT_Dataset\NormalData\CSV_Extracted_Split\Pcap_Files__NormalData12_part008.csv,normal,35,True
C:\Users\Lenovo legion 5\Downloads\data\DoS-DDoS-MQTT-IoT_Dataset\NormalData\CSV_Extracted_Split\Pcap_Files__NormalData12_part009.csv,normal,35,True
C:\Users\Lenovo legion 5\Downloads\data\DoS-DDoS-MQTT-IoT_Dataset\NormalData\CSV_Extracted_Split\Pcap_Files__NormalData12_part010.csv,normal,35,True
C:\Users\Lenovo legion 5\Downloads\data\DoS-DDoS-MQTT-IoT_Dataset\NormalData\CSV_Extracted_Split\Pcap_Files__NormalData12_part011.csv,normal,35,True
C:\Users\Lenovo legion 5\Downloads\data\DoS-DDoS-MQTT-IoT_Dataset\NormalData\CSV_Extracted_Split\Pcap_Files__NormalData12_part012.csv,normal,35,True
C:\Users\Lenovo legion 5\Downloads\data\DoS-DDoS-MQTT-IoT_Dataset\NormalData\CSV_Extracted_Split\Pcap_Files__NormalData12_part013.csv,normal,35,True
C:\Users\Lenovo legion 5\Downloads\data\DoS-DDoS-MQTT-IoT_Dataset\NormalData\CSV_Extracted_Split\Pcap_Files__NormalData12_part014.csv,normal,35,True
C:\Users\Lenovo legion 5\Downloads\data\DoS-DDoS-MQTT-IoT_Dataset\NormalData\CSV_Extracted_Split\Pcap_Files__NormalData12_part015.csv,normal,35,True
C:\Users\Lenovo legion 5\Downloads\data\DoS-DDoS-MQTT-IoT_Dataset\NormalData\CSV_Extracted_Split\Pcap_Files__NormalData12_part016.csv,normal,35,True
C:\Users\Lenovo legion 5\Downloads\data\DoS-DDoS-MQTT-IoT_Dataset\NormalData\CSV_Extracted_Split\Pcap_Files__NormalData12_part017.csv,normal,35,True
C:\Users\Lenovo legion 5\Downloads\data\DoS-DDoS-MQTT-IoT_Dataset\NormalData\CSV_Extracted_Split\Pcap_Files__NormalData12_part018.csv,normal,35,True
C:\Users\Lenovo legion 5\Downloads\data\DoS-DDoS-MQTT-IoT_Dataset\NormalData\CSV_Extracted_Split\Pcap_Files__NormalData12_part019.csv,normal,35,True
C:\Users\Lenovo legion 5\Downloads\data\DoS-DDoS-MQTT-IoT_Dataset\NormalData\CSV_Extracted_Split\Pcap_Files__NormalData12_part020.csv,normal,35,True
C:\Users\Lenovo legion 5\Downloads\data\DoS-DDoS-MQTT-IoT_Dataset\NormalData\CSV_Extracted_Split\Pcap_Files__NormalData13_part001.csv,normal,35,True
C:\Users\Lenovo legion 5\Downloads\data\DoS-DDoS-MQTT-IoT_Dataset\NormalData\CSV_Extracted_Split\Pcap_Files__NormalData13_part002.csv,normal,35,True
C:\Users\Lenovo legion 5\Downloads\data\DoS-DDoS-MQTT-IoT_Dataset\NormalData\CSV_Extracted_Split\Pcap_Files__NormalData13_part003.csv,normal,35,True
C:\Users\Lenovo legion 5\Downloads\data\DoS-DDoS-MQTT-IoT_Dataset\NormalData\CSV_Extracted_Split\Pcap_Files__NormalData13_part004.csv,normal,35,True
C:\Users\Lenovo legion 5\Downloads\data\DoS-DDoS-MQTT-IoT_Dataset\NormalData\CSV_Extracted_Split\Pcap_Files__NormalData13_part005.csv,normal,35,True
C:\Users\Lenovo legion 5\Downloads\data\DoS-DDoS-MQTT-IoT_Dataset\NormalData\CSV_Extracted_Split\Pcap_Files__NormalData13_part006.csv,normal,35,True
C:\Users\Lenovo legion 5\Downloads\data\DoS-DDoS-MQTT-IoT_Dataset\NormalData\CSV_Extracted_Split\Pcap_Files__NormalData13_part007.csv,normal,35,True
C:\Users\Lenovo legion 5\Downloads\data\DoS-DDoS-MQTT-IoT_Dataset\NormalData\CSV_Extracted_Split\Pcap_Files__NormalData13_part008.csv,normal,35,True
C:\Users\Lenovo legion 5\Downloads\data\DoS-DDoS-MQTT-IoT_Dataset\NormalData\CSV_Extracted_Split\Pcap_Files__NormalData13_part009.csv,normal,35,True
C:\Users\Lenovo legion 5\Downloads\data\DoS-DDoS-MQTT-IoT_Dataset\NormalData\CSV_Extracted_Split\Pcap_Files__NormalData14_part001.csv,normal,35,True
C:\Users\Lenovo legion 5\Downloads\data\DoS-DDoS-MQTT-IoT_Dataset\NormalData\CSV_Extracted_Split\Pcap_Files__NormalData14_part002.csv,normal,35,True
C:\Users\Lenovo legion 5\Downloads\data\DoS-DDoS-MQTT-IoT_Dataset\NormalData\CSV_Extracted_Split\Pcap_Files__NormalData14_part003.csv,normal,35,True
C:\Users\Lenovo legion 5\Downloads\data\DoS-DDoS-MQTT-IoT_Dataset\NormalData\CSV_Extracted_Split\Pcap_Files__NormalData14_part004.csv,normal,35,True
C:\Users\Lenovo legion 5\Downloads\data\DoS-DDoS-MQTT-IoT_Dataset\NormalData\CSV_Extracted_Split\Pcap_Files__NormalData14_part005.csv,normal,35,True
C:\Users\Lenovo legion 5\Downloads\data\DoS-DDoS-MQTT-IoT_Dataset\NormalData\CSV_Extracted_Split\Pcap_Files__NormalData14_part006.csv,normal,35,True
C:\Users\Lenovo legion 5\Downloads\data\DoS-DDoS-MQTT-IoT_Dataset\NormalData\CSV_Extracted_Split\Pcap_Files__NormalData14_part007.csv,normal,35,True
C:\Users\Lenovo legion 5\Downloads\data\DoS-DDoS-MQTT-IoT_Dataset\NormalData\CSV_Extracted_Split\Pcap_Files__NormalData14_part008.csv,normal,35,True
C:\Users\Lenovo legion 5\Downloads\data\DoS-DDoS-MQTT-IoT_Dataset\NormalData\CSV_Extracted_Split\Pcap_Files__NormalData14_part009.csv,normal,35,True
C:\Users\Lenovo legion 5\Downloads\data\DoS-DDoS-MQTT-IoT_Dataset\NormalData\CSV_Extracted_Split\Pcap_Files__NormalData14_part010.csv,normal,35,True
C:\Users\Lenovo legion 5\Downloads\data\DoS-DDoS-MQTT-IoT_Dataset\NormalData\CSV_Extracted_Split\Pcap_Files__NormalData14_part011.csv,normal,35,True
C:\Users\Lenovo legion 5\Downloads\data\DoS-DDoS-MQTT-IoT_Dataset\NormalData\CSV_Extracted_Split\Pcap_Files__NormalData14_part012.csv,normal,35,True
C:\Users\Lenovo legion 5\Downloads\data\DoS-DDoS-MQTT-IoT_Dataset\NormalData\CSV_Extracted_Split\Pcap_Files__NormalData14_part013.csv,normal,35,True
C:\Users\Lenovo legion 5\Downloads\data\DoS-DDoS-MQTT-IoT_Dataset\NormalData\CSV_Extracted_Split\Pcap_Files__NormalData14_part014.csv,normal,35,True
C:\Users\Lenovo legion 5\Downloads\data\DoS-DDoS-MQTT-IoT_Dataset\NormalData\CSV_Extracted_Split\Pcap_Files__NormalData14_part015.csv,normal,35,True
C:\Users\Lenovo legion 5\Downloads\data\DoS-DDoS-MQTT-IoT_Dataset\NormalData\CSV_Extracted_Split\Pcap_Files__NormalData14_part016.csv,normal,35,True
C:\Users\Lenovo legion 5\Downloads\data\DoS-DDoS-MQTT-IoT_Dataset\NormalData\CSV_Extracted_Split\Pcap_Files__NormalData14_part017.csv,normal,35,True
C:\Users\Lenovo legion 5\Downloads\data\DoS-DDoS-MQTT-IoT_Dataset\NormalData\CSV_Extracted_Split\Pcap_Files__NormalData14_part018.csv,normal,35,True
C:\Users\Lenovo legion 5\Downloads\data\DoS-DDoS-MQTT-IoT_Dataset\NormalData\CSV_Extracted_Split\Pcap_Files__NormalData14_part019.csv,normal,35,True
C:\Users\Lenovo legion 5\Downloads\data\DoS-DDoS-MQTT-IoT_Dataset\NormalData\CSV_Extracted_Split\Pcap_Files__NormalData14_part020.csv,normal,35,True
C:\Users\Lenovo legion 5\Downloads\data\DoS-DDoS-MQTT-IoT_Dataset\NormalData\CSV_Extracted_Split\Pcap_Files__NormalData15_part001.csv,normal,35,True
C:\Users\Lenovo legion 5\Downloads\data\DoS-DDoS-MQTT-IoT_Dataset\NormalData\CSV_Extracted_Split\Pcap_Files__NormalData15_part002.csv,normal,35,True
C:\Users\Lenovo legion 5\Downloads\data\DoS-DDoS-MQTT-IoT_Dataset\NormalData\CSV_Extracted_Split\Pcap_Files__NormalData15_part003.csv,normal,35,True
C:\Users\Lenovo legion 5\Downloads\data\DoS-DDoS-MQTT-IoT_Dataset\NormalData\CSV_Extracted_Split\Pcap_Files__NormalData15_part004.csv,normal,35,True
C:\Users\Lenovo legion 5\Downloads\data\DoS-DDoS-MQTT-IoT_Dataset\NormalData\CSV_Extracted_Split\Pcap_Files__NormalData15_part005.csv,normal,35,True
C:\Users\Lenovo legion 5\Downloads\data\DoS-DDoS-MQTT-IoT_Dataset\NormalData\CSV_Extracted_Split\Pcap_Files__NormalData15_part006.csv,normal,35,True
C:\Users\Lenovo legion 5\Downloads\data\DoS-DDoS-MQTT-IoT_Dataset\NormalData\CSV_Extracted_Split\Pcap_Files__NormalData15_part007.csv,normal,35,True
C:\Users\Lenovo legion 5\Downloads\data\DoS-DDoS-MQTT-IoT_Dataset\NormalData\CSV_Extracted_Split\Pcap_Files__NormalData15_part008.csv,normal,35,True
C:\Users\Lenovo legion 5\Downloads\data\DoS-DDoS-MQTT-IoT_Dataset\NormalData\CSV_Extracted_Split\Pcap_Files__NormalData15_part009.csv,normal,35,True
C:\Users\Lenovo legion 5\Downloads\data\DoS-DDoS-MQTT-IoT_Dataset\NormalData\CSV_Extracted_Split\Pcap_Files__NormalData15_part010.csv,normal,35,True
C:\Users\Lenovo legion 5\Downloads\data\DoS-DDoS-MQTT-IoT_Dataset\NormalData\CSV_Extracted_Split\Pcap_Files__NormalData15_part011.csv,normal,35,True
C:\Users\Lenovo legion 5\Downloads\data\DoS-DDoS-MQTT-IoT_Dataset\NormalData\CSV_Extracted_Split\Pcap_Files__NormalData15_part012.csv,normal,35,True
C:\Users\Lenovo legion 5\Downloads\data\DoS-DDoS-MQTT-IoT_Dataset\NormalData\CSV_Extracted_Split\Pcap_Files__NormalData15_part013.csv,normal,35,True
C:\Users\Lenovo legion 5\Downloads\data\DoS-DDoS-MQTT-IoT_Dataset\NormalData\CSV_Extracted_Split\Pcap_Files__NormalData15_part014.csv,normal,35,True
C:\Users\Lenovo legion 5\Downloads\data\DoS-DDoS-MQTT-IoT_Dataset\NormalData\CSV_Extracted_Split\Pcap_Files__NormalData15_part015.csv,normal,35,True
C:\Users\Lenovo legion 5\Downloads\data\DoS-DDoS-MQTT-IoT_Dataset\NormalData\CSV_Extracted_Split\Pcap_Files__NormalData15_part016.csv,normal,35,True
C:\Users\Lenovo legion 5\Downloads\data\DoS-DDoS-MQTT-IoT_Dataset\NormalData\CSV_Extracted_Split\Pcap_Files__NormalData15_part017.csv,normal,35,True
C:\Users\Lenovo legion 5\Downloads\data\DoS-DDoS-MQTT-IoT_Dataset\NormalData\CSV_Extracted_Split\Pcap_Files__NormalData16_part001.csv,normal,35,True
C:\Users\Lenovo legion 5\Downloads\data\DoS-DDoS-MQTT-IoT_Dataset\NormalData\CSV_Extracted_Split\Pcap_Files__NormalData16_part002.csv,normal,35,True
C:\Users\Lenovo legion 5\Downloads\data\DoS-DDoS-MQTT-IoT_Dataset\NormalData\CSV_Extracted_Split\Pcap_Files__NormalData16_part003.csv,normal,35,True
C:\Users\Lenovo legion 5\Downloads\data\DoS-DDoS-MQTT-IoT_Dataset\NormalData\CSV_Extracted_Split\Pcap_Files__NormalData16_part004.csv,normal,35,True
C:\Users\Lenovo legion 5\Downloads\data\DoS-DDoS-MQTT-IoT_Dataset\NormalData\CSV_Extracted_Split\Pcap_Files__NormalData16_part005.csv,normal,35,True
C:\Users\Lenovo legion 5\Downloads\data\DoS-DDoS-MQTT-IoT_Dataset\NormalData\CSV_Extracted_Split\Pcap_Files__NormalData16_part006.csv,normal,35,True
C:\Users\Lenovo legion 5\Downloads\data\DoS-DDoS-MQTT-IoT_Dataset\NormalData\CSV_Extracted_Split\Pcap_Files__NormalData16_part007.csv,normal,35,True
C:\Users\Lenovo legion 5\Downloads\data\DoS-DDoS-MQTT-IoT_Dataset\NormalData\CSV_Extracted_Split\Pcap_Files__NormalData16_part008.csv,normal,35,True
C:\Users\Lenovo legion 5\Downloads\data\DoS-DDoS-MQTT-IoT_Dataset\NormalData\CSV_Extracted_Split\Pcap_Files__NormalData16_part009.csv,normal,35,True
C:\Users\Lenovo legion 5\Downloads\data\DoS-DDoS-MQTT-IoT_Dataset\NormalData\CSV_Extracted_Split\Pcap_Files__NormalData16_part010.csv,normal,35,True
C:\Users\Lenovo legion 5\Downloads\data\DoS-DDoS-MQTT-IoT_Dataset\NormalData\CSV_Extracted_Split\Pcap_Files__NormalData16_part011.csv,normal,35,True
C:\Users\Lenovo legion 5\Downloads\data\DoS-DDoS-MQTT-IoT_Dataset\NormalData\CSV_Extracted_Split\Pcap_Files__NormalData16_part012.csv,normal,35,True
C:\Users\Lenovo legion 5\Downloads\data\DoS-DDoS-MQTT-IoT_Dataset\NormalData\CSV_Extracted_Split\Pcap_Files__NormalData16_part013.csv,normal,35,True
C:\Users\Lenovo legion 5\Downloads\data\DoS-DDoS-MQTT-IoT_Dataset\NormalData\CSV_Extracted_Split\Pcap_Files__NormalData16_part014.csv,normal,35,True
C:\Users\Lenovo legion 5\Downloads\data\DoS-DDoS-MQTT-IoT_Dataset\NormalData\CSV_Extracted_Split\Pcap_Files__NormalData16_part015.csv,normal,35,True
C:\Users\Lenovo legion 5\Downloads\data\DoS-DDoS-MQTT-IoT_Dataset\NormalData\CSV_Extracted_Split\Pcap_Files__NormalData16_part016.csv,normal,35,True
C:\Users\Lenovo legion 5\Downloads\data\DoS-DDoS-MQTT-IoT_Dataset\NormalData\CSV_Extracted_Split\Pcap_Files__NormalData16_part017.csv,normal,35,True
C:\Users\Lenovo legion 5\Downloads\data\DoS-DDoS-MQTT-IoT_Dataset\NormalData\CSV_Extracted_Split\Pcap_Files__NormalData17_part001.csv,normal,35,True
C:\Users\Lenovo legion 5\Downloads\data\DoS-DDoS-MQTT-IoT_Dataset\NormalData\CSV_Extracted_Split\Pcap_Files__NormalData17_part002.csv,normal,35,True
C:\Users\Lenovo legion 5\Downloads\data\DoS-DDoS-MQTT-IoT_Dataset\NormalData\CSV_Extracted_Split\Pcap_Files__NormalData17_part003.csv,normal,35,True
C:\Users\Lenovo legion 5\Downloads\data\DoS-DDoS-MQTT-IoT_Dataset\NormalData\CSV_Extracted_Split\Pcap_Files__NormalData17_part004.csv,normal,35,True
C:\Users\Lenovo legion 5\Downloads\data\DoS-DDoS-MQTT-IoT_Dataset\NormalData\CSV_Extracted_Split\Pcap_Files__NormalData17_part005.csv,normal,35,True
C:\Users\Lenovo legion 5\Downloads\data\DoS-DDoS-MQTT-IoT_Dataset\NormalData\CSV_Extracted_Split\Pcap_Files__NormalData17_part006.csv,normal,35,True
C:\Users\Lenovo legion 5\Downloads\data\DoS-DDoS-MQTT-IoT_Dataset\NormalData\CSV_Extracted_Split\Pcap_Files__NormalData17_part007.csv,normal,35,True
C:\Users\Lenovo legion 5\Downloads\data\DoS-DDoS-MQTT-IoT_Dataset\NormalData\CSV_Extracted_Split\Pcap_Files__NormalData17_part008.csv,normal,35,True
C:\Users\Lenovo legion 5\Downloads\data\DoS-DDoS-MQTT-IoT_Dataset\NormalData\CSV_Extracted_Split\Pcap_Files__NormalData17_part009.csv,normal,35,True
C:\Users\Lenovo legion 5\Downloads\data\DoS-DDoS-MQTT-IoT_Dataset\NormalData\CSV_Extracted_Split\Pcap_Files__NormalData17_part010.csv,normal,35,True
C:\Users\Lenovo legion 5\Downloads\data\DoS-DDoS-MQTT-IoT_Dataset\NormalData\CSV_Extracted_Split\Pcap_Files__NormalData17_part011.csv,normal,35,True
C:\Users\Lenovo legion 5\Downloads\data\DoS-DDoS-MQTT-IoT_Dataset\NormalData\CSV_Extracted_Split\Pcap_Files__NormalData17_part012.csv,normal,35,True
C:\Users\Lenovo legion 5\Downloads\data\DoS-DDoS-MQTT-IoT_Dataset\NormalData\CSV_Extracted_Split\Pcap_Files__NormalData17_part013.csv,normal,35,True
C:\Users\Lenovo legion 5\Downloads\data\DoS-DDoS-MQTT-IoT_Dataset\NormalData\CSV_Extracted_Split\Pcap_Files__NormalData17_part014.csv,normal,35,True
C:\Users\Lenovo legion 5\Downloads\data\DoS-DDoS-MQTT-IoT_Dataset\NormalData\CSV_Extracted_Split\Pcap_Files__NormalData17_part015.csv,normal,35,True
C:\Users\Lenovo legion 5\Downloads\data\DoS-DDoS-MQTT-IoT_Dataset\NormalData\CSV_Extracted_Split\Pcap_Files__NormalData17_part016.csv,normal,35,True
C:\Users\Lenovo legion 5\Downloads\data\DoS-DDoS-MQTT-IoT_Dataset\NormalData\CSV_Extracted_Split\Pcap_Files__NormalData17_part017.csv,normal,35,True
C:\Users\Lenovo legion 5\Downloads\data\DoS-DDoS-MQTT-IoT_Dataset\NormalData\CSV_Extracted_Split\Pcap_Files__NormalData18_part001.csv,normal,35,True
C:\Users\Lenovo legion 5\Downloads\data\DoS-DDoS-MQTT-IoT_Dataset\NormalData\CSV_Extracted_Split\Pcap_Files__NormalData18_part002.csv,normal,35,True
C:\Users\Lenovo legion 5\Downloads\data\DoS-DDoS-MQTT-IoT_Dataset\NormalData\CSV_Extracted_Split\Pcap_Files__NormalData18_part003.csv,normal,35,True
C:\Users\Lenovo legion 5\Downloads\data\DoS-DDoS-MQTT-IoT_Dataset\NormalData\CSV_Extracted_Split\Pcap_Files__NormalData18_part004.csv,normal,35,True
C:\Users\Lenovo legion 5\Downloads\data\DoS-DDoS-MQTT-IoT_Dataset\NormalData\CSV_Extracted_Split\Pcap_Files__NormalData18_part005.csv,normal,35,True
C:\Users\Lenovo legion 5\Downloads\data\DoS-DDoS-MQTT-IoT_Dataset\NormalData\CSV_Extracted_Split\Pcap_Files__NormalData18_part006.csv,normal,35,True
C:\Users\Lenovo legion 5\Downloads\data\DoS-DDoS-MQTT-IoT_Dataset\NormalData\CSV_Extracted_Split\Pcap_Files__NormalData18_part007.csv,normal,35,True
C:\Users\Lenovo legion 5\Downloads\data\DoS-DDoS-MQTT-IoT_Dataset\NormalData\CSV_Extracted_Split\Pcap_Files__NormalData18_part008.csv,normal,35,True
C:\Users\Lenovo legion 5\Downloads\data\DoS-DDoS-MQTT-IoT_Dataset\NormalData\CSV_Extracted_Split\Pcap_Files__NormalData18_part009.csv,normal,35,True
C:\Users\Lenovo legion 5\Downloads\data\DoS-DDoS-MQTT-IoT_Dataset\NormalData\CSV_Extracted_Split\Pcap_Files__NormalData18_part010.csv,normal,35,True
C:\Users\Lenovo legion 5\Downloads\data\DoS-DDoS-MQTT-IoT_Dataset\NormalData\CSV_Extracted_Split\Pcap_Files__NormalData18_part011.csv,normal,35,True
C:\Users\Lenovo legion 5\Downloads\data\DoS-DDoS-MQTT-IoT_Dataset\NormalData\CSV_Extracted_Split\Pcap_Files__NormalData18_part012.csv,normal,35,True
C:\Users\Lenovo legion 5\Downloads\data\DoS-DDoS-MQTT-IoT_Dataset\NormalData\CSV_Extracted_Split\Pcap_Files__NormalData19_part001.csv,normal,35,True
C:\Users\Lenovo legion 5\Downloads\data\DoS-DDoS-MQTT-IoT_Dataset\NormalData\CSV_Extracted_Split\Pcap_Files__NormalData19_part002.csv,normal,35,True
C:\Users\Lenovo legion 5\Downloads\data\DoS-DDoS-MQTT-IoT_Dataset\NormalData\CSV_Extracted_Split\Pcap_Files__NormalData19_part003.csv,normal,35,True
C:\Users\Lenovo legion 5\Downloads\data\DoS-DDoS-MQTT-IoT_Dataset\NormalData\CSV_Extracted_Split\Pcap_Files__NormalData19_part004.csv,normal,35,True
C:\Users\Lenovo legion 5\Downloads\data\DoS-DDoS-MQTT-IoT_Dataset\NormalData\CSV_Extracted_Split\Pcap_Files__NormalData19_part005.csv,normal,35,True
C:\Users\Lenovo legion 5\Downloads\data\DoS-DDoS-MQTT-IoT_Dataset\NormalData\CSV_Extracted_Split\Pcap_Files__NormalData19_part006.csv,normal,35,True
C:\Users\Lenovo legion 5\Downloads\data\DoS-DDoS-MQTT-IoT_Dataset\NormalData\CSV_Extracted_Split\Pcap_Files__NormalData1_part001.csv,normal,35,True
C:\Users\Lenovo legion 5\Downloads\data\DoS-DDoS-MQTT-IoT_Dataset\NormalData\CSV_Extracted_Split\Pcap_Files__NormalData1_part002.csv,normal,35,True
C:\Users\Lenovo legion 5\Downloads\data\DoS-DDoS-MQTT-IoT_Dataset\NormalData\CSV_Extracted_Split\Pcap_Files__NormalData1_part003.csv,normal,35,True
C:\Users\Lenovo legion 5\Downloads\data\DoS-DDoS-MQTT-IoT_Dataset\NormalData\CSV_Extracted_Split\Pcap_Files__NormalData1_part004.csv,normal,35,True
C:\Users\Lenovo legion 5\Downloads\data\DoS-DDoS-MQTT-IoT_Dataset\NormalData\CSV_Extracted_Split\Pcap_Files__NormalData1_part005.csv,normal,35,True
C:\Users\Lenovo legion 5\Downloads\data\DoS-DDoS-MQTT-IoT_Dataset\NormalData\CSV_Extracted_Split\Pcap_Files__NormalData1_part006.csv,normal,35,True
C:\Users\Lenovo legion 5\Downloads\data\DoS-DDoS-MQTT-IoT_Dataset\NormalData\CSV_Extracted_Split\Pcap_Files__NormalData1_part007.csv,normal,35,True
C:\Users\Lenovo legion 5\Downloads\data\DoS-DDoS-MQTT-IoT_Dataset\NormalData\CSV_Extracted_Split\Pcap_Files__NormalData1_part008.csv,normal,35,True
C:\Users\Lenovo legion 5\Downloads\data\DoS-DDoS-MQTT-IoT_Dataset\NormalData\CSV_Extracted_Split\Pcap_Files__NormalData1_part009.csv,normal,35,True
C:\Users\Lenovo legion 5\Downloads\data\DoS-DDoS-MQTT-IoT_Dataset\NormalData\CSV_Extracted_Split\Pcap_Files__NormalData1_part010.csv,normal,35,True
C:\Users\Lenovo legion 5\Downloads\data\DoS-DDoS-MQTT-IoT_Dataset\NormalData\CSV_Extracted_Split\Pcap_Files__NormalData1_part011.csv,normal,35,True
C:\Users\Lenovo legion 5\Downloads\data\DoS-DDoS-MQTT-IoT_Dataset\NormalData\CSV_Extracted_Split\Pcap_Files__NormalData1_part012.csv,normal,35,True
C:\Users\Lenovo legion 5\Downloads\data\DoS-DDoS-MQTT-IoT_Dataset\NormalData\CSV_Extracted_Split\Pcap_Files__NormalData1_part013.csv,normal,35,True
C:\Users\Lenovo legion 5\Downloads\data\DoS-DDoS-MQTT-IoT_Dataset\NormalData\CSV_Extracted_Split\Pcap_Files__NormalData1_part014.csv,normal,35,True
C:\Users\Lenovo legion 5\Downloads\data\DoS-DDoS-MQTT-IoT_Dataset\NormalData\CSV_Extracted_Split\Pcap_Files__NormalData1_part015.csv,normal,35,True
C:\Users\Lenovo legion 5\Downloads\data\DoS-DDoS-MQTT-IoT_Dataset\NormalData\CSV_Extracted_Split\Pcap_Files__NormalData1_part016.csv,normal,35,True
C:\Users\Lenovo legion 5\Downloads\data\DoS-DDoS-MQTT-IoT_Dataset\NormalData\CSV_Extracted_Split\Pcap_Files__NormalData1_part017.csv,normal,35,True
C:\Users\Lenovo legion 5\Downloads\data\DoS-DDoS-MQTT-IoT_Dataset\NormalData\CSV_Extracted_Split\Pcap_Files__NormalData1_part018.csv,normal,35,True
C:\Users\Lenovo legion 5\Downloads\data\DoS-DDoS-MQTT-IoT_Dataset\NormalData\CSV_Extracted_Split\Pcap_Files__NormalData1_part019.csv,normal,35,True
C:\Users\Lenovo legion 5\Downloads\data\DoS-DDoS-MQTT-IoT_Dataset\NormalData\CSV_Extracted_Split\Pcap_Files__NormalData1_part020.csv,normal,35,True
C:\Users\Lenovo legion 5\Downloads\data\DoS-DDoS-MQTT-IoT_Dataset\NormalData\CSV_Extracted_Split\Pcap_Files__NormalData20_part001.csv,normal,35,True
C:\Users\Lenovo legion 5\Downloads\data\DoS-DDoS-MQTT-IoT_Dataset\NormalData\CSV_Extracted_Split\Pcap_Files__NormalData20_part002.csv,normal,35,True
C:\Users\Lenovo legion 5\Downloads\data\DoS-DDoS-MQTT-IoT_Dataset\NormalData\CSV_Extracted_Split\Pcap_Files__NormalData20_part003.csv,normal,35,True
C:\Users\Lenovo legion 5\Downloads\data\DoS-DDoS-MQTT-IoT_Dataset\NormalData\CSV_Extracted_Split\Pcap_Files__NormalData20_part004.csv,normal,35,True
C:\Users\Lenovo legion 5\Downloads\data\DoS-DDoS-MQTT-IoT_Dataset\NormalData\CSV_Extracted_Split\Pcap_Files__NormalData20_part005.csv,normal,35,True
C:\Users\Lenovo legion 5\Downloads\data\DoS-DDoS-MQTT-IoT_Dataset\NormalData\CSV_Extracted_Split\Pcap_Files__NormalData20_part006.csv,normal,35,True
C:\Users\Lenovo legion 5\Downloads\data\DoS-DDoS-MQTT-IoT_Dataset\NormalData\CSV_Extracted_Split\Pcap_Files__NormalData21_part001.csv,normal,35,True
C:\Users\Lenovo legion 5\Downloads\data\DoS-DDoS-MQTT-IoT_Dataset\NormalData\CSV_Extracted_Split\Pcap_Files__NormalData21_part002.csv,normal,35,True
C:\Users\Lenovo legion 5\Downloads\data\DoS-DDoS-MQTT-IoT_Dataset\NormalData\CSV_Extracted_Split\Pcap_Files__NormalData21_part003.csv,normal,35,True
C:\Users\Lenovo legion 5\Downloads\data\DoS-DDoS-MQTT-IoT_Dataset\NormalData\CSV_Extracted_Split\Pcap_Files__NormalData21_part004.csv,normal,35,True
C:\Users\Lenovo legion 5\Downloads\data\DoS-DDoS-MQTT-IoT_Dataset\NormalData\CSV_Extracted_Split\Pcap_Files__NormalData21_part005.csv,normal,35,True
C:\Users\Lenovo legion 5\Downloads\data\DoS-DDoS-MQTT-IoT_Dataset\NormalData\CSV_Extracted_Split\Pcap_Files__NormalData21_part006.csv,normal,35,True
C:\Users\Lenovo legion 5\Downloads\data\DoS-DDoS-MQTT-IoT_Dataset\NormalData\CSV_Extracted_Split\Pcap_Files__NormalData22_part001.csv,normal,35,True
C:\Users\Lenovo legion 5\Downloads\data\DoS-DDoS-MQTT-IoT_Dataset\NormalData\CSV_Extracted_Split\Pcap_Files__NormalData22_part002.csv,normal,35,True
C:\Users\Lenovo legion 5\Downloads\data\DoS-DDoS-MQTT-IoT_Dataset\NormalData\CSV_Extracted_Split\Pcap_Files__NormalData22_part003.csv,normal,35,True
C:\Users\Lenovo legion 5\Downloads\data\DoS-DDoS-MQTT-IoT_Dataset\NormalData\CSV_Extracted_Split\Pcap_Files__NormalData22_part004.csv,normal,35,True
C:\Users\Lenovo legion 5\Downloads\data\DoS-DDoS-MQTT-IoT_Dataset\NormalData\CSV_Extracted_Split\Pcap_Files__NormalData22_part005.csv,normal,35,True
C:\Users\Lenovo legion 5\Downloads\data\DoS-DDoS-MQTT-IoT_Dataset\NormalData\CSV_Extracted_Split\Pcap_Files__NormalData22_part006.csv,normal,35,True
C:\Users\Lenovo legion 5\Downloads\data\DoS-DDoS-MQTT-IoT_Dataset\NormalData\CSV_Extracted_Split\Pcap_Files__NormalData23_part001.csv,normal,35,True
C:\Users\Lenovo legion 5\Downloads\data\DoS-DDoS-MQTT-IoT_Dataset\NormalData\CSV_Extracted_Split\Pcap_Files__NormalData23_part002.csv,normal,35,True
C:\Users\Lenovo legion 5\Downloads\data\DoS-DDoS-MQTT-IoT_Dataset\NormalData\CSV_Extracted_Split\Pcap_Files__NormalData23_part003.csv,normal,35,True
C:\Users\Lenovo legion 5\Downloads\data\DoS-DDoS-MQTT-IoT_Dataset\NormalData\CSV_Extracted_Split\Pcap_Files__NormalData23_part004.csv,normal,35,True
C:\Users\Lenovo legion 5\Downloads\data\DoS-DDoS-MQTT-IoT_Dataset\NormalData\CSV_Extracted_Split\Pcap_Files__NormalData23_part005.csv,normal,35,True
C:\Users\Lenovo legion 5\Downloads\data\DoS-DDoS-MQTT-IoT_Dataset\NormalData\CSV_Extracted_Split\Pcap_Files__NormalData23_part006.csv,normal,35,True
C:\Users\Lenovo legion 5\Downloads\data\DoS-DDoS-MQTT-IoT_Dataset\NormalData\CSV_Extracted_Split\Pcap_Files__NormalData24_part001.csv,normal,35,True
C:\Users\Lenovo legion 5\Downloads\data\DoS-DDoS-MQTT-IoT_Dataset\NormalData\CSV_Extracted_Split\Pcap_Files__NormalData24_part002.csv,normal,35,True
C:\Users\Lenovo legion 5\Downloads\data\DoS-DDoS-MQTT-IoT_Dataset\NormalData\CSV_Extracted_Split\Pcap_Files__NormalData24_part003.csv,normal,35,True
C:\Users\Lenovo legion 5\Downloads\data\DoS-DDoS-MQTT-IoT_Dataset\NormalData\CSV_Extracted_Split\Pcap_Files__NormalData24_part004.csv,normal,35,True
C:\Users\Lenovo legion 5\Downloads\data\DoS-DDoS-MQTT-IoT_Dataset\NormalData\CSV_Extracted_Split\Pcap_Files__NormalData24_part005.csv,normal,35,True
C:\Users\Lenovo legion 5\Downloads\data\DoS-DDoS-MQTT-IoT_Dataset\NormalData\CSV_Extracted_Split\Pcap_Files__NormalData24_part006.csv,normal,35,True
C:\Users\Lenovo legion 5\Downloads\data\DoS-DDoS-MQTT-IoT_Dataset\NormalData\CSV_Extracted_Split\Pcap_Files__NormalData25_part001.csv,normal,35,True
C:\Users\Lenovo legion 5\Downloads\data\DoS-DDoS-MQTT-IoT_Dataset\NormalData\CSV_Extracted_Split\Pcap_Files__NormalData25_part002.csv,normal,35,True
C:\Users\Lenovo legion 5\Downloads\data\DoS-DDoS-MQTT-IoT_Dataset\NormalData\CSV_Extracted_Split\Pcap_Files__NormalData25_part003.csv,normal,35,True
C:\Users\Lenovo legion 5\Downloads\data\DoS-DDoS-MQTT-IoT_Dataset\NormalData\CSV_Extracted_Split\Pcap_Files__NormalData25_part004.csv,normal,35,True
C:\Users\Lenovo legion 5\Downloads\data\DoS-DDoS-MQTT-IoT_Dataset\NormalData\CSV_Extracted_Split\Pcap_Files__NormalData25_part005.csv,normal,35,True
C:\Users\Lenovo legion 5\Downloads\data\DoS-DDoS-MQTT-IoT_Dataset\NormalData\CSV_Extracted_Split\Pcap_Files__NormalData25_part006.csv,normal,35,True
C:\Users\Lenovo legion 5\Downloads\data\DoS-DDoS-MQTT-IoT_Dataset\NormalData\CSV_Extracted_Split\Pcap_Files__NormalData26_part001.csv,normal,35,True
C:\Users\Lenovo legion 5\Downloads\data\DoS-DDoS-MQTT-IoT_Dataset\NormalData\CSV_Extracted_Split\Pcap_Files__NormalData26_part002.csv,normal,35,True
C:\Users\Lenovo legion 5\Downloads\data\DoS-DDoS-MQTT-IoT_Dataset\NormalData\CSV_Extracted_Split\Pcap_Files__NormalData26_part003.csv,normal,35,True
C:\Users\Lenovo legion 5\Downloads\data\DoS-DDoS-MQTT-IoT_Dataset\NormalData\CSV_Extracted_Split\Pcap_Files__NormalData26_part004.csv,normal,35,True
C:\Users\Lenovo legion 5\Downloads\data\DoS-DDoS-MQTT-IoT_Dataset\NormalData\CSV_Extracted_Split\Pcap_Files__NormalData26_part005.csv,normal,35,True
C:\Users\Lenovo legion 5\Downloads\data\DoS-DDoS-MQTT-IoT_Dataset\NormalData\CSV_Extracted_Split\Pcap_Files__NormalData26_part006.csv,normal,35,True
C:\Users\Lenovo legion 5\Downloads\data\DoS-DDoS-MQTT-IoT_Dataset\NormalData\CSV_Extracted_Split\Pcap_Files__NormalData27_part001.csv,normal,35,True
C:\Users\Lenovo legion 5\Downloads\data\DoS-DDoS-MQTT-IoT_Dataset\NormalData\CSV_Extracted_Split\Pcap_Files__NormalData27_part002.csv,normal,35,True
C:\Users\Lenovo legion 5\Downloads\data\DoS-DDoS-MQTT-IoT_Dataset\NormalData\CSV_Extracted_Split\Pcap_Files__NormalData27_part003.csv,normal,35,True
C:\Users\Lenovo legion 5\Downloads\data\DoS-DDoS-MQTT-IoT_Dataset\NormalData\CSV_Extracted_Split\Pcap_Files__NormalData27_part004.csv,normal,35,True
C:\Users\Lenovo legion 5\Downloads\data\DoS-DDoS-MQTT-IoT_Dataset\NormalData\CSV_Extracted_Split\Pcap_Files__NormalData27_part005.csv,normal,35,True
C:\Users\Lenovo legion 5\Downloads\data\DoS-DDoS-MQTT-IoT_Dataset\NormalData\CSV_Extracted_Split\Pcap_Files__NormalData27_part006.csv,normal,35,True
C:\Users\Lenovo legion 5\Downloads\data\DoS-DDoS-MQTT-IoT_Dataset\NormalData\CSV_Extracted_Split\Pcap_Files__NormalData27_part007.csv,normal,35,True
C:\Users\Lenovo legion 5\Downloads\data\DoS-DDoS-MQTT-IoT_Dataset\NormalData\CSV_Extracted_Split\Pcap_Files__NormalData28_part001.csv,normal,35,True
C:\Users\Lenovo legion 5\Downloads\data\DoS-DDoS-MQTT-IoT_Dataset\NormalData\CSV_Extracted_Split\Pcap_Files__NormalData28_part002.csv,normal,35,True
C:\Users\Lenovo legion 5\Downloads\data\DoS-DDoS-MQTT-IoT_Dataset\NormalData\CSV_Extracted_Split\Pcap_Files__NormalData28_part003.csv,normal,35,True
C:\Users\Lenovo legion 5\Downloads\data\DoS-DDoS-MQTT-IoT_Dataset\NormalData\CSV_Extracted_Split\Pcap_Files__NormalData28_part004.csv,normal,35,True
C:\Users\Lenovo legion 5\Downloads\data\DoS-DDoS-MQTT-IoT_Dataset\NormalData\CSV_Extracted_Split\Pcap_Files__NormalData28_part005.csv,normal,35,True
C:\Users\Lenovo legion 5\Downloads\data\DoS-DDoS-MQTT-IoT_Dataset\NormalData\CSV_Extracted_Split\Pcap_Files__NormalData28_part006.csv,normal,35,True
C:\Users\Lenovo legion 5\Downloads\data\DoS-DDoS-MQTT-IoT_Dataset\NormalData\CSV_Extracted_Split\Pcap_Files__NormalData28_part007.csv,normal,35,True
C:\Users\Lenovo legion 5\Downloads\data\DoS-DDoS-MQTT-IoT_Dataset\NormalData\CSV_Extracted_Split\Pcap_Files__NormalData29_part001.csv,normal,35,True
C:\Users\Lenovo legion 5\Downloads\data\DoS-DDoS-MQTT-IoT_Dataset\NormalData\CSV_Extracted_Split\Pcap_Files__NormalData29_part002.csv,normal,35,True
C:\Users\Lenovo legion 5\Downloads\data\DoS-DDoS-MQTT-IoT_Dataset\NormalData\CSV_Extracted_Split\Pcap_Files__NormalData29_part003.csv,normal,35,True
C:\Users\Lenovo legion 5\Downloads\data\DoS-DDoS-MQTT-IoT_Dataset\NormalData\CSV_Extracted_Split\Pcap_Files__NormalData29_part004.csv,normal,35,True
C:\Users\Lenovo legion 5\Downloads\data\DoS-DDoS-MQTT-IoT_Dataset\NormalData\CSV_Extracted_Split\Pcap_Files__NormalData29_part005.csv,normal,35,True
C:\Users\Lenovo legion 5\Downloads\data\DoS-DDoS-MQTT-IoT_Dataset\NormalData\CSV_Extracted_Split\Pcap_Files__NormalData29_part006.csv,normal,35,True
C:\Users\Lenovo legion 5\Downloads\data\DoS-DDoS-MQTT-IoT_Dataset\NormalData\CSV_Extracted_Split\Pcap_Files__NormalData29_part007.csv,normal,35,True
C:\Users\Lenovo legion 5\Downloads\data\DoS-DDoS-MQTT-IoT_Dataset\NormalData\CSV_Extracted_Split\Pcap_Files__NormalData2_part001.csv,normal,35,True
C:\Users\Lenovo legion 5\Downloads\data\DoS-DDoS-MQTT-IoT_Dataset\NormalData\CSV_Extracted_Split\Pcap_Files__NormalData2_part002.csv,normal,35,True
C:\Users\Lenovo legion 5\Downloads\data\DoS-DDoS-MQTT-IoT_Dataset\NormalData\CSV_Extracted_Split\Pcap_Files__NormalData2_part003.csv,normal,35,True
C:\Users\Lenovo legion 5\Downloads\data\DoS-DDoS-MQTT-IoT_Dataset\NormalData\CSV_Extracted_Split\Pcap_Files__NormalData2_part004.csv,normal,35,True
C:\Users\Lenovo legion 5\Downloads\data\DoS-DDoS-MQTT-IoT_Dataset\NormalData\CSV_Extracted_Split\Pcap_Files__NormalData2_part005.csv,normal,35,True
C:\Users\Lenovo legion 5\Downloads\data\DoS-DDoS-MQTT-IoT_Dataset\NormalData\CSV_Extracted_Split\Pcap_Files__NormalData2_part006.csv,normal,35,True
C:\Users\Lenovo legion 5\Downloads\data\DoS-DDoS-MQTT-IoT_Dataset\NormalData\CSV_Extracted_Split\Pcap_Files__NormalData2_part007.csv,normal,35,True
C:\Users\Lenovo legion 5\Downloads\data\DoS-DDoS-MQTT-IoT_Dataset\NormalData\CSV_Extracted_Split\Pcap_Files__NormalData2_part008.csv,normal,35,True
C:\Users\Lenovo legion 5\Downloads\data\DoS-DDoS-MQTT-IoT_Dataset\NormalData\CSV_Extracted_Split\Pcap_Files__NormalData2_part009.csv,normal,35,True
C:\Users\Lenovo legion 5\Downloads\data\DoS-DDoS-MQTT-IoT_Dataset\NormalData\CSV_Extracted_Split\Pcap_Files__NormalData2_part010.csv,normal,35,True
C:\Users\Lenovo legion 5\Downloads\data\DoS-DDoS-MQTT-IoT_Dataset\NormalData\CSV_Extracted_Split\Pcap_Files__NormalData2_part011.csv,normal,35,True
C:\Users\Lenovo legion 5\Downloads\data\DoS-DDoS-MQTT-IoT_Dataset\NormalData\CSV_Extracted_Split\Pcap_Files__NormalData2_part012.csv,normal,35,True
C:\Users\Lenovo legion 5\Downloads\data\DoS-DDoS-MQTT-IoT_Dataset\NormalData\CSV_Extracted_Split\Pcap_Files__NormalData2_part013.csv,normal,35,True
C:\Users\Lenovo legion 5\Downloads\data\DoS-DDoS-MQTT-IoT_Dataset\NormalData\CSV_Extracted_Split\Pcap_Files__NormalData2_part014.csv,normal,35,True
C:\Users\Lenovo legion 5\Downloads\data\DoS-DDoS-MQTT-IoT_Dataset\NormalData\CSV_Extracted_Split\Pcap_Files__NormalData2_part015.csv,normal,35,True
C:\Users\Lenovo legion 5\Downloads\data\DoS-DDoS-MQTT-IoT_Dataset\NormalData\CSV_Extracted_Split\Pcap_Files__NormalData2_part016.csv,normal,35,True
C:\Users\Lenovo legion 5\Downloads\data\DoS-DDoS-MQTT-IoT_Dataset\NormalData\CSV_Extracted_Split\Pcap_Files__NormalData2_part017.csv,normal,35,True
C:\Users\Lenovo legion 5\Downloads\data\DoS-DDoS-MQTT-IoT_Dataset\NormalData\CSV_Extracted_Split\Pcap_Files__NormalData2_part018.csv,normal,35,True
C:\Users\Lenovo legion 5\Downloads\data\DoS-DDoS-MQTT-IoT_Dataset\NormalData\CSV_Extracted_Split\Pcap_Files__NormalData2_part019.csv,normal,35,True
C:\Users\Lenovo legion 5\Downloads\data\DoS-DDoS-MQTT-IoT_Dataset\NormalData\CSV_Extracted_Split\Pcap_Files__NormalData2_part020.csv,normal,35,True
C:\Users\Lenovo legion 5\Downloads\data\DoS-DDoS-MQTT-IoT_Dataset\NormalData\CSV_Extracted_Split\Pcap_Files__NormalData30_part001.csv,normal,35,True
C:\Users\Lenovo legion 5\Downloads\data\DoS-DDoS-MQTT-IoT_Dataset\NormalData\CSV_Extracted_Split\Pcap_Files__NormalData30_part002.csv,normal,35,True
C:\Users\Lenovo legion 5\Downloads\data\DoS-DDoS-MQTT-IoT_Dataset\NormalData\CSV_Extracted_Split\Pcap_Files__NormalData30_part003.csv,normal,35,True
C:\Users\Lenovo legion 5\Downloads\data\DoS-DDoS-MQTT-IoT_Dataset\NormalData\CSV_Extracted_Split\Pcap_Files__NormalData30_part004.csv,normal,35,True
C:\Users\Lenovo legion 5\Downloads\data\DoS-DDoS-MQTT-IoT_Dataset\NormalData\CSV_Extracted_Split\Pcap_Files__NormalData30_part005.csv,normal,35,True
C:\Users\Lenovo legion 5\Downloads\data\DoS-DDoS-MQTT-IoT_Dataset\NormalData\CSV_Extracted_Split\Pcap_Files__NormalData30_part006.csv,normal,35,True
C:\Users\Lenovo legion 5\Downloads\data\DoS-DDoS-MQTT-IoT_Dataset\NormalData\CSV_Extracted_Split\Pcap_Files__NormalData30_part007.csv,normal,35,True
C:\Users\Lenovo legion 5\Downloads\data\DoS-DDoS-MQTT-IoT_Dataset\NormalData\CSV_Extracted_Split\Pcap_Files__NormalData31_part001.csv,normal,35,True
C:\Users\Lenovo legion 5\Downloads\data\DoS-DDoS-MQTT-IoT_Dataset\NormalData\CSV_Extracted_Split\Pcap_Files__NormalData31_part002.csv,normal,35,True
C:\Users\Lenovo legion 5\Downloads\data\DoS-DDoS-MQTT-IoT_Dataset\NormalData\CSV_Extracted_Split\Pcap_Files__NormalData31_part003.csv,normal,35,True
C:\Users\Lenovo legion 5\Downloads\data\DoS-DDoS-MQTT-IoT_Dataset\NormalData\CSV_Extracted_Split\Pcap_Files__NormalData31_part004.csv,normal,35,True
C:\Users\Lenovo legion 5\Downloads\data\DoS-DDoS-MQTT-IoT_Dataset\NormalData\CSV_Extracted_Split\Pcap_Files__NormalData31_part005.csv,normal,35,True
C:\Users\Lenovo legion 5\Downloads\data\DoS-DDoS-MQTT-IoT_Dataset\NormalData\CSV_Extracted_Split\Pcap_Files__NormalData32_part001.csv,normal,35,True
C:\Users\Lenovo legion 5\Downloads\data\DoS-DDoS-MQTT-IoT_Dataset\NormalData\CSV_Extracted_Split\Pcap_Files__NormalData32_part002.csv,normal,35,True
C:\Users\Lenovo legion 5\Downloads\data\DoS-DDoS-MQTT-IoT_Dataset\NormalData\CSV_Extracted_Split\Pcap_Files__NormalData32_part003.csv,normal,35,True
C:\Users\Lenovo legion 5\Downloads\data\DoS-DDoS-MQTT-IoT_Dataset\NormalData\CSV_Extracted_Split\Pcap_Files__NormalData32_part004.csv,normal,35,True
C:\Users\Lenovo legion 5\Downloads\data\DoS-DDoS-MQTT-IoT_Dataset\NormalData\CSV_Extracted_Split\Pcap_Files__NormalData32_part005.csv,normal,35,True
C:\Users\Lenovo legion 5\Downloads\data\DoS-DDoS-MQTT-IoT_Dataset\NormalData\CSV_Extracted_Split\Pcap_Files__NormalData33_part001.csv,normal,35,True
C:\Users\Lenovo legion 5\Downloads\data\DoS-DDoS-MQTT-IoT_Dataset\NormalData\CSV_Extracted_Split\Pcap_Files__NormalData33_part002.csv,normal,35,True
C:\Users\Lenovo legion 5\Downloads\data\DoS-DDoS-MQTT-IoT_Dataset\NormalData\CSV_Extracted_Split\Pcap_Files__NormalData33_part003.csv,normal,35,True
C:\Users\Lenovo legion 5\Downloads\data\DoS-DDoS-MQTT-IoT_Dataset\NormalData\CSV_Extracted_Split\Pcap_Files__NormalData33_part004.csv,normal,35,True
C:\Users\Lenovo legion 5\Downloads\data\DoS-DDoS-MQTT-IoT_Dataset\NormalData\CSV_Extracted_Split\Pcap_Files__NormalData33_part005.csv,normal,35,True
C:\Users\Lenovo legion 5\Downloads\data\DoS-DDoS-MQTT-IoT_Dataset\NormalData\CSV_Extracted_Split\Pcap_Files__NormalData34_part001.csv,normal,35,True
C:\Users\Lenovo legion 5\Downloads\data\DoS-DDoS-MQTT-IoT_Dataset\NormalData\CSV_Extracted_Split\Pcap_Files__NormalData34_part002.csv,normal,35,True
C:\Users\Lenovo legion 5\Downloads\data\DoS-DDoS-MQTT-IoT_Dataset\NormalData\CSV_Extracted_Split\Pcap_Files__NormalData34_part003.csv,normal,35,True
C:\Users\Lenovo legion 5\Downloads\data\DoS-DDoS-MQTT-IoT_Dataset\NormalData\CSV_Extracted_Split\Pcap_Files__NormalData34_part004.csv,normal,35,True
C:\Users\Lenovo legion 5\Downloads\data\DoS-DDoS-MQTT-IoT_Dataset\NormalData\CSV_Extracted_Split\Pcap_Files__NormalData34_part005.csv,normal,35,True
C:\Users\Lenovo legion 5\Downloads\data\DoS-DDoS-MQTT-IoT_Dataset\NormalData\CSV_Extracted_Split\Pcap_Files__NormalData35_part001.csv,normal,35,True
C:\Users\Lenovo legion 5\Downloads\data\DoS-DDoS-MQTT-IoT_Dataset\NormalData\CSV_Extracted_Split\Pcap_Files__NormalData35_part002.csv,normal,35,True
C:\Users\Lenovo legion 5\Downloads\data\DoS-DDoS-MQTT-IoT_Dataset\NormalData\CSV_Extracted_Split\Pcap_Files__NormalData35_part003.csv,normal,35,True
C:\Users\Lenovo legion 5\Downloads\data\DoS-DDoS-MQTT-IoT_Dataset\NormalData\CSV_Extracted_Split\Pcap_Files__NormalData35_part004.csv,normal,35,True
C:\Users\Lenovo legion 5\Downloads\data\DoS-DDoS-MQTT-IoT_Dataset\NormalData\CSV_Extracted_Split\Pcap_Files__NormalData35_part005.csv,normal,35,True
C:\Users\Lenovo legion 5\Downloads\data\DoS-DDoS-MQTT-IoT_Dataset\NormalData\CSV_Extracted_Split\Pcap_Files__NormalData36_part001.csv,normal,35,True
C:\Users\Lenovo legion 5\Downloads\data\DoS-DDoS-MQTT-IoT_Dataset\NormalData\CSV_Extracted_Split\Pcap_Files__NormalData36_part002.csv,normal,35,True
C:\Users\Lenovo legion 5\Downloads\data\DoS-DDoS-MQTT-IoT_Dataset\NormalData\CSV_Extracted_Split\Pcap_Files__NormalData36_part003.csv,normal,35,True
C:\Users\Lenovo legion 5\Downloads\data\DoS-DDoS-MQTT-IoT_Dataset\NormalData\CSV_Extracted_Split\Pcap_Files__NormalData36_part004.csv,normal,35,True
C:\Users\Lenovo legion 5\Downloads\data\DoS-DDoS-MQTT-IoT_Dataset\NormalData\CSV_Extracted_Split\Pcap_Files__NormalData36_part005.csv,normal,35,True
C:\Users\Lenovo legion 5\Downloads\data\DoS-DDoS-MQTT-IoT_Dataset\NormalData\CSV_Extracted_Split\Pcap_Files__NormalData37_part001.csv,normal,35,True
C:\Users\Lenovo legion 5\Downloads\data\DoS-DDoS-MQTT-IoT_Dataset\NormalData\CSV_Extracted_Split\Pcap_Files__NormalData37_part002.csv,normal,35,True
C:\Users\Lenovo legion 5\Downloads\data\DoS-DDoS-MQTT-IoT_Dataset\NormalData\CSV_Extracted_Split\Pcap_Files__NormalData37_part003.csv,normal,35,True
C:\Users\Lenovo legion 5\Downloads\data\DoS-DDoS-MQTT-IoT_Dataset\NormalData\CSV_Extracted_Split\Pcap_Files__NormalData37_part004.csv,normal,35,True
C:\Users\Lenovo legion 5\Downloads\data\DoS-DDoS-MQTT-IoT_Dataset\NormalData\CSV_Extracted_Split\Pcap_Files__NormalData37_part005.csv,normal,35,True
C:\Users\Lenovo legion 5\Downloads\data\DoS-DDoS-MQTT-IoT_Dataset\NormalData\CSV_Extracted_Split\Pcap_Files__NormalData38_part001.csv,normal,35,True
C:\Users\Lenovo legion 5\Downloads\data\DoS-DDoS-MQTT-IoT_Dataset\NormalData\CSV_Extracted_Split\Pcap_Files__NormalData38_part002.csv,normal,35,True
C:\Users\Lenovo legion 5\Downloads\data\DoS-DDoS-MQTT-IoT_Dataset\NormalData\CSV_Extracted_Split\Pcap_Files__NormalData38_part003.csv,normal,35,True
C:\Users\Lenovo legion 5\Downloads\data\DoS-DDoS-MQTT-IoT_Dataset\NormalData\CSV_Extracted_Split\Pcap_Files__NormalData38_part004.csv,normal,35,True
C:\Users\Lenovo legion 5\Downloads\data\DoS-DDoS-MQTT-IoT_Dataset\NormalData\CSV_Extracted_Split\Pcap_Files__NormalData38_part005.csv,normal,35,True
C:\Users\Lenovo legion 5\Downloads\data\DoS-DDoS-MQTT-IoT_Dataset\NormalData\CSV_Extracted_Split\Pcap_Files__NormalData39_part001.csv,normal,35,True
C:\Users\Lenovo legion 5\Downloads\data\DoS-DDoS-MQTT-IoT_Dataset\NormalData\CSV_Extracted_Split\Pcap_Files__NormalData39_part002.csv,normal,35,True
C:\Users\Lenovo legion 5\Downloads\data\DoS-DDoS-MQTT-IoT_Dataset\NormalData\CSV_Extracted_Split\Pcap_Files__NormalData39_part003.csv,normal,35,True
C:\Users\Lenovo legion 5\Downloads\data\DoS-DDoS-MQTT-IoT_Dataset\NormalData\CSV_Extracted_Split\Pcap_Files__NormalData39_part004.csv,normal,35,True
C:\Users\Lenovo legion 5\Downloads\data\DoS-DDoS-MQTT-IoT_Dataset\NormalData\CSV_Extracted_Split\Pcap_Files__NormalData39_part005.csv,normal,35,True
C:\Users\Lenovo legion 5\Downloads\data\DoS-DDoS-MQTT-IoT_Dataset\NormalData\CSV_Extracted_Split\Pcap_Files__NormalData3_part001.csv,normal,35,True
C:\Users\Lenovo legion 5\Downloads\data\DoS-DDoS-MQTT-IoT_Dataset\NormalData\CSV_Extracted_Split\Pcap_Files__NormalData3_part002.csv,normal,35,True
C:\Users\Lenovo legion 5\Downloads\data\DoS-DDoS-MQTT-IoT_Dataset\NormalData\CSV_Extracted_Split\Pcap_Files__NormalData3_part003.csv,normal,35,True
C:\Users\Lenovo legion 5\Downloads\data\DoS-DDoS-MQTT-IoT_Dataset\NormalData\CSV_Extracted_Split\Pcap_Files__NormalData3_part004.csv,normal,35,True
C:\Users\Lenovo legion 5\Downloads\data\DoS-DDoS-MQTT-IoT_Dataset\NormalData\CSV_Extracted_Split\Pcap_Files__NormalData3_part005.csv,normal,35,True
C:\Users\Lenovo legion 5\Downloads\data\DoS-DDoS-MQTT-IoT_Dataset\NormalData\CSV_Extracted_Split\Pcap_Files__NormalData3_part006.csv,normal,35,True
C:\Users\Lenovo legion 5\Downloads\data\DoS-DDoS-MQTT-IoT_Dataset\NormalData\CSV_Extracted_Split\Pcap_Files__NormalData3_part007.csv,normal,35,True
C:\Users\Lenovo legion 5\Downloads\data\DoS-DDoS-MQTT-IoT_Dataset\NormalData\CSV_Extracted_Split\Pcap_Files__NormalData3_part008.csv,normal,35,True
C:\Users\Lenovo legion 5\Downloads\data\DoS-DDoS-MQTT-IoT_Dataset\NormalData\CSV_Extracted_Split\Pcap_Files__NormalData3_part009.csv,normal,35,True
C:\Users\Lenovo legion 5\Downloads\data\DoS-DDoS-MQTT-IoT_Dataset\NormalData\CSV_Extracted_Split\Pcap_Files__NormalData3_part010.csv,normal,35,True
C:\Users\Lenovo legion 5\Downloads\data\DoS-DDoS-MQTT-IoT_Dataset\NormalData\CSV_Extracted_Split\Pcap_Files__NormalData3_part011.csv,normal,35,True
C:\Users\Lenovo legion 5\Downloads\data\DoS-DDoS-MQTT-IoT_Dataset\NormalData\CSV_Extracted_Split\Pcap_Files__NormalData3_part012.csv,normal,35,True
C:\Users\Lenovo legion 5\Downloads\data\DoS-DDoS-MQTT-IoT_Dataset\NormalData\CSV_Extracted_Split\Pcap_Files__NormalData3_part013.csv,normal,35,True
C:\Users\Lenovo legion 5\Downloads\data\DoS-DDoS-MQTT-IoT_Dataset\NormalData\CSV_Extracted_Split\Pcap_Files__NormalData3_part014.csv,normal,35,True
C:\Users\Lenovo legion 5\Downloads\data\DoS-DDoS-MQTT-IoT_Dataset\NormalData\CSV_Extracted_Split\Pcap_Files__NormalData3_part015.csv,normal,35,True
C:\Users\Lenovo legion 5\Downloads\data\DoS-DDoS-MQTT-IoT_Dataset\NormalData\CSV_Extracted_Split\Pcap_Files__NormalData3_part016.csv,normal,35,True
C:\Users\Lenovo legion 5\Downloads\data\DoS-DDoS-MQTT-IoT_Dataset\NormalData\CSV_Extracted_Split\Pcap_Files__NormalData3_part017.csv,normal,35,True
C:\Users\Lenovo legion 5\Downloads\data\DoS-DDoS-MQTT-IoT_Dataset\NormalData\CSV_Extracted_Split\Pcap_Files__NormalData3_part018.csv,normal,35,True
C:\Users\Lenovo legion 5\Downloads\data\DoS-DDoS-MQTT-IoT_Dataset\NormalData\CSV_Extracted_Split\Pcap_Files__NormalData3_part019.csv,normal,35,True
C:\Users\Lenovo legion 5\Downloads\data\DoS-DDoS-MQTT-IoT_Dataset\NormalData\CSV_Extracted_Split\Pcap_Files__NormalData3_part020.csv,normal,35,True
C:\Users\Lenovo legion 5\Downloads\data\DoS-DDoS-MQTT-IoT_Dataset\NormalData\CSV_Extracted_Split\Pcap_Files__NormalData41_part001.csv,normal,35,True
C:\Users\Lenovo legion 5\Downloads\data\DoS-DDoS-MQTT-IoT_Dataset\NormalData\CSV_Extracted_Split\Pcap_Files__NormalData41_part002.csv,normal,35,True
C:\Users\Lenovo legion 5\Downloads\data\DoS-DDoS-MQTT-IoT_Dataset\NormalData\CSV_Extracted_Split\Pcap_Files__NormalData42_part001.csv,normal,35,True
C:\Users\Lenovo legion 5\Downloads\data\DoS-DDoS-MQTT-IoT_Dataset\NormalData\CSV_Extracted_Split\Pcap_Files__NormalData42_part002.csv,normal,35,True
C:\Users\Lenovo legion 5\Downloads\data\DoS-DDoS-MQTT-IoT_Dataset\NormalData\CSV_Extracted_Split\Pcap_Files__NormalData43_part001.csv,normal,35,True
C:\Users\Lenovo legion 5\Downloads\data\DoS-DDoS-MQTT-IoT_Dataset\NormalData\CSV_Extracted_Split\Pcap_Files__NormalData43_part002.csv,normal,35,True
C:\Users\Lenovo legion 5\Downloads\data\DoS-DDoS-MQTT-IoT_Dataset\NormalData\CSV_Extracted_Split\Pcap_Files__NormalData44_part001.csv,normal,35,True
C:\Users\Lenovo legion 5\Downloads\data\DoS-DDoS-MQTT-IoT_Dataset\NormalData\CSV_Extracted_Split\Pcap_Files__NormalData44_part002.csv,normal,35,True
C:\Users\Lenovo legion 5\Downloads\data\DoS-DDoS-MQTT-IoT_Dataset\NormalData\CSV_Extracted_Split\Pcap_Files__NormalData45_part001.csv,normal,35,True
C:\Users\Lenovo legion 5\Downloads\data\DoS-DDoS-MQTT-IoT_Dataset\NormalData\CSV_Extracted_Split\Pcap_Files__NormalData45_part002.csv,normal,35,True
C:\Users\Lenovo legion 5\Downloads\data\DoS-DDoS-MQTT-IoT_Dataset\NormalData\CSV_Extracted_Split\Pcap_Files__NormalData46_part001.csv,normal,35,True
C:\Users\Lenovo legion 5\Downloads\data\DoS-DDoS-MQTT-IoT_Dataset\NormalData\CSV_Extracted_Split\Pcap_Files__NormalData46_part002.csv,normal,35,True
C:\Users\Lenovo legion 5\Downloads\data\DoS-DDoS-MQTT-IoT_Dataset\NormalData\CSV_Extracted_Split\Pcap_Files__NormalData47_part001.csv,normal,35,True
C:\Users\Lenovo legion 5\Downloads\data\DoS-DDoS-MQTT-IoT_Dataset\NormalData\CSV_Extracted_Split\Pcap_Files__NormalData47_part002.csv,normal,35,True
C:\Users\Lenovo legion 5\Downloads\data\DoS-DDoS-MQTT-IoT_Dataset\NormalData\CSV_Extracted_Split\Pcap_Files__NormalData48_part001.csv,normal,35,True
C:\Users\Lenovo legion 5\Downloads\data\DoS-DDoS-MQTT-IoT_Dataset\NormalData\CSV_Extracted_Split\Pcap_Files__NormalData48_part002.csv,normal,35,True
C:\Users\Lenovo legion 5\Downloads\data\DoS-DDoS-MQTT-IoT_Dataset\NormalData\CSV_Extracted_Split\Pcap_Files__NormalData49_part001.csv,normal,35,True
C:\Users\Lenovo legion 5\Downloads\data\DoS-DDoS-MQTT-IoT_Dataset\NormalData\CSV_Extracted_Split\Pcap_Files__NormalData49_part002.csv,normal,35,True
C:\Users\Lenovo legion 5\Downloads\data\DoS-DDoS-MQTT-IoT_Dataset\NormalData\CSV_Extracted_Split\Pcap_Files__NormalData4_part001.csv,normal,35,True
C:\Users\Lenovo legion 5\Downloads\data\DoS-DDoS-MQTT-IoT_Dataset\NormalData\CSV_Extracted_Split\Pcap_Files__NormalData4_part002.csv,normal,35,True
C:\Users\Lenovo legion 5\Downloads\data\DoS-DDoS-MQTT-IoT_Dataset\NormalData\CSV_Extracted_Split\Pcap_Files__NormalData4_part003.csv,normal,35,True
C:\Users\Lenovo legion 5\Downloads\data\DoS-DDoS-MQTT-IoT_Dataset\NormalData\CSV_Extracted_Split\Pcap_Files__NormalData4_part004.csv,normal,35,True
C:\Users\Lenovo legion 5\Downloads\data\DoS-DDoS-MQTT-IoT_Dataset\NormalData\CSV_Extracted_Split\Pcap_Files__NormalData4_part005.csv,normal,35,True
C:\Users\Lenovo legion 5\Downloads\data\DoS-DDoS-MQTT-IoT_Dataset\NormalData\CSV_Extracted_Split\Pcap_Files__NormalData4_part006.csv,normal,35,True
C:\Users\Lenovo legion 5\Downloads\data\DoS-DDoS-MQTT-IoT_Dataset\NormalData\CSV_Extracted_Split\Pcap_Files__NormalData4_part007.csv,normal,35,True
C:\Users\Lenovo legion 5\Downloads\data\DoS-DDoS-MQTT-IoT_Dataset\NormalData\CSV_Extracted_Split\Pcap_Files__NormalData4_part008.csv,normal,35,True
C:\Users\Lenovo legion 5\Downloads\data\DoS-DDoS-MQTT-IoT_Dataset\NormalData\CSV_Extracted_Split\Pcap_Files__NormalData4_part009.csv,normal,35,True
C:\Users\Lenovo legion 5\Downloads\data\DoS-DDoS-MQTT-IoT_Dataset\NormalData\CSV_Extracted_Split\Pcap_Files__NormalData4_part010.csv,normal,35,True
C:\Users\Lenovo legion 5\Downloads\data\DoS-DDoS-MQTT-IoT_Dataset\NormalData\CSV_Extracted_Split\Pcap_Files__NormalData4_part011.csv,normal,35,True
C:\Users\Lenovo legion 5\Downloads\data\DoS-DDoS-MQTT-IoT_Dataset\NormalData\CSV_Extracted_Split\Pcap_Files__NormalData4_part012.csv,normal,35,True
C:\Users\Lenovo legion 5\Downloads\data\DoS-DDoS-MQTT-IoT_Dataset\NormalData\CSV_Extracted_Split\Pcap_Files__NormalData4_part013.csv,normal,35,True
C:\Users\Lenovo legion 5\Downloads\data\DoS-DDoS-MQTT-IoT_Dataset\NormalData\CSV_Extracted_Split\Pcap_Files__NormalData4_part014.csv,normal,35,True
C:\Users\Lenovo legion 5\Downloads\data\DoS-DDoS-MQTT-IoT_Dataset\NormalData\CSV_Extracted_Split\Pcap_Files__NormalData4_part015.csv,normal,35,True
C:\Users\Lenovo legion 5\Downloads\data\DoS-DDoS-MQTT-IoT_Dataset\NormalData\CSV_Extracted_Split\Pcap_Files__NormalData4_part016.csv,normal,35,True
C:\Users\Lenovo legion 5\Downloads\data\DoS-DDoS-MQTT-IoT_Dataset\NormalData\CSV_Extracted_Split\Pcap_Files__NormalData4_part017.csv,normal,35,True
C:\Users\Lenovo legion 5\Downloads\data\DoS-DDoS-MQTT-IoT_Dataset\NormalData\CSV_Extracted_Split\Pcap_Files__NormalData4_part018.csv,normal,35,True
C:\Users\Lenovo legion 5\Downloads\data\DoS-DDoS-MQTT-IoT_Dataset\NormalData\CSV_Extracted_Split\Pcap_Files__NormalData4_part019.csv,normal,35,True
C:\Users\Lenovo legion 5\Downloads\data\DoS-DDoS-MQTT-IoT_Dataset\NormalData\CSV_Extracted_Split\Pcap_Files__NormalData4_part020.csv,normal,35,True
C:\Users\Lenovo legion 5\Downloads\data\DoS-DDoS-MQTT-IoT_Dataset\NormalData\CSV_Extracted_Split\Pcap_Files__NormalData50_part001.csv,normal,35,True
C:\Users\Lenovo legion 5\Downloads\data\DoS-DDoS-MQTT-IoT_Dataset\NormalData\CSV_Extracted_Split\Pcap_Files__NormalData50_part002.csv,normal,35,True
C:\Users\Lenovo legion 5\Downloads\data\DoS-DDoS-MQTT-IoT_Dataset\NormalData\CSV_Extracted_Split\Pcap_Files__NormalData50_part003.csv,normal,35,True
C:\Users\Lenovo legion 5\Downloads\data\DoS-DDoS-MQTT-IoT_Dataset\NormalData\CSV_Extracted_Split\Pcap_Files__NormalData5_part001.csv,normal,35,True
C:\Users\Lenovo legion 5\Downloads\data\DoS-DDoS-MQTT-IoT_Dataset\NormalData\CSV_Extracted_Split\Pcap_Files__NormalData5_part002.csv,normal,35,True
C:\Users\Lenovo legion 5\Downloads\data\DoS-DDoS-MQTT-IoT_Dataset\NormalData\CSV_Extracted_Split\Pcap_Files__NormalData5_part003.csv,normal,35,True
C:\Users\Lenovo legion 5\Downloads\data\DoS-DDoS-MQTT-IoT_Dataset\NormalData\CSV_Extracted_Split\Pcap_Files__NormalData5_part004.csv,normal,35,True
C:\Users\Lenovo legion 5\Downloads\data\DoS-DDoS-MQTT-IoT_Dataset\NormalData\CSV_Extracted_Split\Pcap_Files__NormalData5_part005.csv,normal,35,True
C:\Users\Lenovo legion 5\Downloads\data\DoS-DDoS-MQTT-IoT_Dataset\NormalData\CSV_Extracted_Split\Pcap_Files__NormalData5_part006.csv,normal,35,True
C:\Users\Lenovo legion 5\Downloads\data\DoS-DDoS-MQTT-IoT_Dataset\NormalData\CSV_Extracted_Split\Pcap_Files__NormalData5_part007.csv,normal,35,True
C:\Users\Lenovo legion 5\Downloads\data\DoS-DDoS-MQTT-IoT_Dataset\NormalData\CSV_Extracted_Split\Pcap_Files__NormalData5_part008.csv,normal,35,True
C:\Users\Lenovo legion 5\Downloads\data\DoS-DDoS-MQTT-IoT_Dataset\NormalData\CSV_Extracted_Split\Pcap_Files__NormalData5_part009.csv,normal,35,True
C:\Users\Lenovo legion 5\Downloads\data\DoS-DDoS-MQTT-IoT_Dataset\NormalData\CSV_Extracted_Split\Pcap_Files__NormalData5_part010.csv,normal,35,True
C:\Users\Lenovo legion 5\Downloads\data\DoS-DDoS-MQTT-IoT_Dataset\NormalData\CSV_Extracted_Split\Pcap_Files__NormalData5_part011.csv,normal,35,True
C:\Users\Lenovo legion 5\Downloads\data\DoS-DDoS-MQTT-IoT_Dataset\NormalData\CSV_Extracted_Split\Pcap_Files__NormalData5_part012.csv,normal,35,True
C:\Users\Lenovo legion 5\Downloads\data\DoS-DDoS-MQTT-IoT_Dataset\NormalData\CSV_Extracted_Split\Pcap_Files__NormalData5_part013.csv,normal,35,True
C:\Users\Lenovo legion 5\Downloads\data\DoS-DDoS-MQTT-IoT_Dataset\NormalData\CSV_Extracted_Split\Pcap_Files__NormalData5_part014.csv,normal,35,True
C:\Users\Lenovo legion 5\Downloads\data\DoS-DDoS-MQTT-IoT_Dataset\NormalData\CSV_Extracted_Split\Pcap_Files__NormalData5_part015.csv,normal,35,True
C:\Users\Lenovo legion 5\Downloads\data\DoS-DDoS-MQTT-IoT_Dataset\NormalData\CSV_Extracted_Split\Pcap_Files__NormalData5_part016.csv,normal,35,True
C:\Users\Lenovo legion 5\Downloads\data\DoS-DDoS-MQTT-IoT_Dataset\NormalData\CSV_Extracted_Split\Pcap_Files__NormalData5_part017.csv,normal,35,True
C:\Users\Lenovo legion 5\Downloads\data\DoS-DDoS-MQTT-IoT_Dataset\NormalData\CSV_Extracted_Split\Pcap_Files__NormalData5_part018.csv,normal,35,True
C:\Users\Lenovo legion 5\Downloads\data\DoS-DDoS-MQTT-IoT_Dataset\NormalData\CSV_Extracted_Split\Pcap_Files__NormalData5_part019.csv,normal,35,True
C:\Users\Lenovo legion 5\Downloads\data\DoS-DDoS-MQTT-IoT_Dataset\NormalData\CSV_Extracted_Split\Pcap_Files__NormalData5_part020.csv,normal,35,True
C:\Users\Lenovo legion 5\Downloads\data\DoS-DDoS-MQTT-IoT_Dataset\NormalData\CSV_Extracted_Split\Pcap_Files__NormalData6_part001.csv,normal,35,True
C:\Users\Lenovo legion 5\Downloads\data\DoS-DDoS-MQTT-IoT_Dataset\NormalData\CSV_Extracted_Split\Pcap_Files__NormalData6_part002.csv,normal,35,True
C:\Users\Lenovo legion 5\Downloads\data\DoS-DDoS-MQTT-IoT_Dataset\NormalData\CSV_Extracted_Split\Pcap_Files__NormalData6_part003.csv,normal,35,True
C:\Users\Lenovo legion 5\Downloads\data\DoS-DDoS-MQTT-IoT_Dataset\NormalData\CSV_Extracted_Split\Pcap_Files__NormalData6_part004.csv,normal,35,True
C:\Users\Lenovo legion 5\Downloads\data\DoS-DDoS-MQTT-IoT_Dataset\NormalData\CSV_Extracted_Split\Pcap_Files__NormalData6_part005.csv,normal,35,True
C:\Users\Lenovo legion 5\Downloads\data\DoS-DDoS-MQTT-IoT_Dataset\NormalData\CSV_Extracted_Split\Pcap_Files__NormalData6_part006.csv,normal,35,True
C:\Users\Lenovo legion 5\Downloads\data\DoS-DDoS-MQTT-IoT_Dataset\NormalData\CSV_Extracted_Split\Pcap_Files__NormalData6_part007.csv,normal,35,True
C:\Users\Lenovo legion 5\Downloads\data\DoS-DDoS-MQTT-IoT_Dataset\NormalData\CSV_Extracted_Split\Pcap_Files__NormalData6_part008.csv,normal,35,True
C:\Users\Lenovo legion 5\Downloads\data\DoS-DDoS-MQTT-IoT_Dataset\NormalData\CSV_Extracted_Split\Pcap_Files__NormalData6_part009.csv,normal,35,True
C:\Users\Lenovo legion 5\Downloads\data\DoS-DDoS-MQTT-IoT_Dataset\NormalData\CSV_Extracted_Split\Pcap_Files__NormalData6_part010.csv,normal,35,True
C:\Users\Lenovo legion 5\Downloads\data\DoS-DDoS-MQTT-IoT_Dataset\NormalData\CSV_Extracted_Split\Pcap_Files__NormalData6_part011.csv,normal,35,True
C:\Users\Lenovo legion 5\Downloads\data\DoS-DDoS-MQTT-IoT_Dataset\NormalData\CSV_Extracted_Split\Pcap_Files__NormalData6_part012.csv,normal,35,True
C:\Users\Lenovo legion 5\Downloads\data\DoS-DDoS-MQTT-IoT_Dataset\NormalData\CSV_Extracted_Split\Pcap_Files__NormalData6_part013.csv,normal,35,True
C:\Users\Lenovo legion 5\Downloads\data\DoS-DDoS-MQTT-IoT_Dataset\NormalData\CSV_Extracted_Split\Pcap_Files__NormalData6_part014.csv,normal,35,True
C:\Users\Lenovo legion 5\Downloads\data\DoS-DDoS-MQTT-IoT_Dataset\NormalData\CSV_Extracted_Split\Pcap_Files__NormalData6_part015.csv,normal,35,True
C:\Users\Lenovo legion 5\Downloads\data\DoS-DDoS-MQTT-IoT_Dataset\NormalData\CSV_Extracted_Split\Pcap_Files__NormalData6_part016.csv,normal,35,True
C:\Users\Lenovo legion 5\Downloads\data\DoS-DDoS-MQTT-IoT_Dataset\NormalData\CSV_Extracted_Split\Pcap_Files__NormalData6_part017.csv,normal,35,True
C:\Users\Lenovo legion 5\Downloads\data\DoS-DDoS-MQTT-IoT_Dataset\NormalData\CSV_Extracted_Split\Pcap_Files__NormalData6_part018.csv,normal,35,True
C:\Users\Lenovo legion 5\Downloads\data\DoS-DDoS-MQTT-IoT_Dataset\NormalData\CSV_Extracted_Split\Pcap_Files__NormalData6_part019.csv,normal,35,True
C:\Users\Lenovo legion 5\Downloads\data\DoS-DDoS-MQTT-IoT_Dataset\NormalData\CSV_Extracted_Split\Pcap_Files__NormalData6_part020.csv,normal,35,True
C:\Users\Lenovo legion 5\Downloads\data\DoS-DDoS-MQTT-IoT_Dataset\NormalData\CSV_Extracted_Split\Pcap_Files__NormalData7_part001.csv,normal,35,True
C:\Users\Lenovo legion 5\Downloads\data\DoS-DDoS-MQTT-IoT_Dataset\NormalData\CSV_Extracted_Split\Pcap_Files__NormalData7_part002.csv,normal,35,True
C:\Users\Lenovo legion 5\Downloads\data\DoS-DDoS-MQTT-IoT_Dataset\NormalData\CSV_Extracted_Split\Pcap_Files__NormalData7_part003.csv,normal,35,True
C:\Users\Lenovo legion 5\Downloads\data\DoS-DDoS-MQTT-IoT_Dataset\NormalData\CSV_Extracted_Split\Pcap_Files__NormalData7_part004.csv,normal,35,True
C:\Users\Lenovo legion 5\Downloads\data\DoS-DDoS-MQTT-IoT_Dataset\NormalData\CSV_Extracted_Split\Pcap_Files__NormalData7_part005.csv,normal,35,True
C:\Users\Lenovo legion 5\Downloads\data\DoS-DDoS-MQTT-IoT_Dataset\NormalData\CSV_Extracted_Split\Pcap_Files__NormalData7_part006.csv,normal,35,True
C:\Users\Lenovo legion 5\Downloads\data\DoS-DDoS-MQTT-IoT_Dataset\NormalData\CSV_Extracted_Split\Pcap_Files__NormalData7_part007.csv,normal,35,True
C:\Users\Lenovo legion 5\Downloads\data\DoS-DDoS-MQTT-IoT_Dataset\NormalData\CSV_Extracted_Split\Pcap_Files__NormalData7_part008.csv,normal,35,True
C:\Users\Lenovo legion 5\Downloads\data\DoS-DDoS-MQTT-IoT_Dataset\NormalData\CSV_Extracted_Split\Pcap_Files__NormalData7_part009.csv,normal,35,True
C:\Users\Lenovo legion 5\Downloads\data\DoS-DDoS-MQTT-IoT_Dataset\NormalData\CSV_Extracted_Split\Pcap_Files__NormalData7_part010.csv,normal,35,True
C:\Users\Lenovo legion 5\Downloads\data\DoS-DDoS-MQTT-IoT_Dataset\NormalData\CSV_Extracted_Split\Pcap_Files__NormalData7_part011.csv,normal,35,True
C:\Users\Lenovo legion 5\Downloads\data\DoS-DDoS-MQTT-IoT_Dataset\NormalData\CSV_Extracted_Split\Pcap_Files__NormalData7_part012.csv,normal,35,True
C:\Users\Lenovo legion 5\Downloads\data\DoS-DDoS-MQTT-IoT_Dataset\NormalData\CSV_Extracted_Split\Pcap_Files__NormalData7_part013.csv,normal,35,True
C:\Users\Lenovo legion 5\Downloads\data\DoS-DDoS-MQTT-IoT_Dataset\NormalData\CSV_Extracted_Split\Pcap_Files__NormalData7_part014.csv,normal,35,True
C:\Users\Lenovo legion 5\Downloads\data\DoS-DDoS-MQTT-IoT_Dataset\NormalData\CSV_Extracted_Split\Pcap_Files__NormalData7_part015.csv,normal,35,True
C:\Users\Lenovo legion 5\Downloads\data\DoS-DDoS-MQTT-IoT_Dataset\NormalData\CSV_Extracted_Split\Pcap_Files__NormalData7_part016.csv,normal,35,True
C:\Users\Lenovo legion 5\Downloads\data\DoS-DDoS-MQTT-IoT_Dataset\NormalData\CSV_Extracted_Split\Pcap_Files__NormalData7_part017.csv,normal,35,True
C:\Users\Lenovo legion 5\Downloads\data\DoS-DDoS-MQTT-IoT_Dataset\NormalData\CSV_Extracted_Split\Pcap_Files__NormalData7_part018.csv,normal,35,True
C:\Users\Lenovo legion 5\Downloads\data\DoS-DDoS-MQTT-IoT_Dataset\NormalData\CSV_Extracted_Split\Pcap_Files__NormalData7_part019.csv,normal,35,True
C:\Users\Lenovo legion 5\Downloads\data\DoS-DDoS-MQTT-IoT_Dataset\NormalData\CSV_Extracted_Split\Pcap_Files__NormalData7_part020.csv,normal,35,True
C:\Users\Lenovo legion 5\Downloads\data\DoS-DDoS-MQTT-IoT_Dataset\NormalData\CSV_Extracted_Split\Pcap_Files__NormalData8_part001.csv,normal,35,True
C:\Users\Lenovo legion 5\Downloads\data\DoS-DDoS-MQTT-IoT_Dataset\NormalData\CSV_Extracted_Split\Pcap_Files__NormalData8_part002.csv,normal,35,True
C:\Users\Lenovo legion 5\Downloads\data\DoS-DDoS-MQTT-IoT_Dataset\NormalData\CSV_Extracted_Split\Pcap_Files__NormalData8_part003.csv,normal,35,True
C:\Users\Lenovo legion 5\Downloads\data\DoS-DDoS-MQTT-IoT_Dataset\NormalData\CSV_Extracted_Split\Pcap_Files__NormalData8_part004.csv,normal,35,True
C:\Users\Lenovo legion 5\Downloads\data\DoS-DDoS-MQTT-IoT_Dataset\NormalData\CSV_Extracted_Split\Pcap_Files__NormalData8_part005.csv,normal,35,True
C:\Users\Lenovo legion 5\Downloads\data\DoS-DDoS-MQTT-IoT_Dataset\NormalData\CSV_Extracted_Split\Pcap_Files__NormalData8_part006.csv,normal,35,True
C:\Users\Lenovo legion 5\Downloads\data\DoS-DDoS-MQTT-IoT_Dataset\NormalData\CSV_Extracted_Split\Pcap_Files__NormalData8_part007.csv,normal,35,True
C:\Users\Lenovo legion 5\Downloads\data\DoS-DDoS-MQTT-IoT_Dataset\NormalData\CSV_Extracted_Split\Pcap_Files__NormalData8_part008.csv,normal,35,True
C:\Users\Lenovo legion 5\Downloads\data\DoS-DDoS-MQTT-IoT_Dataset\NormalData\CSV_Extracted_Split\Pcap_Files__NormalData8_part009.csv,normal,35,True
C:\Users\Lenovo legion 5\Downloads\data\DoS-DDoS-MQTT-IoT_Dataset\NormalData\CSV_Extracted_Split\Pcap_Files__NormalData8_part010.csv,normal,35,True
C:\Users\Lenovo legion 5\Downloads\data\DoS-DDoS-MQTT-IoT_Dataset\NormalData\CSV_Extracted_Split\Pcap_Files__NormalData8_part011.csv,normal,35,True
C:\Users\Lenovo legion 5\Downloads\data\DoS-DDoS-MQTT-IoT_Dataset\NormalData\CSV_Extracted_Split\Pcap_Files__NormalData8_part012.csv,normal,35,True
C:\Users\Lenovo legion 5\Downloads\data\DoS-DDoS-MQTT-IoT_Dataset\NormalData\CSV_Extracted_Split\Pcap_Files__NormalData8_part013.csv,normal,35,True
C:\Users\Lenovo legion 5\Downloads\data\DoS-DDoS-MQTT-IoT_Dataset\NormalData\CSV_Extracted_Split\Pcap_Files__NormalData8_part014.csv,normal,35,True
C:\Users\Lenovo legion 5\Downloads\data\DoS-DDoS-MQTT-IoT_Dataset\NormalData\CSV_Extracted_Split\Pcap_Files__NormalData8_part015.csv,normal,35,True
C:\Users\Lenovo legion 5\Downloads\data\DoS-DDoS-MQTT-IoT_Dataset\NormalData\CSV_Extracted_Split\Pcap_Files__NormalData8_part016.csv,normal,35,True
C:\Users\Lenovo legion 5\Downloads\data\DoS-DDoS-MQTT-IoT_Dataset\NormalData\CSV_Extracted_Split\Pcap_Files__NormalData8_part017.csv,normal,35,True
C:\Users\Lenovo legion 5\Downloads\data\DoS-DDoS-MQTT-IoT_Dataset\NormalData\CSV_Extracted_Split\Pcap_Files__NormalData8_part018.csv,normal,35,True
C:\Users\Lenovo legion 5\Downloads\data\DoS-DDoS-MQTT-IoT_Dataset\NormalData\CSV_Extracted_Split\Pcap_Files__NormalData8_part019.csv,normal,35,True
C:\Users\Lenovo legion 5\Downloads\data\DoS-DDoS-MQTT-IoT_Dataset\NormalData\CSV_Extracted_Split\Pcap_Files__NormalData8_part020.csv,normal,35,True
C:\Users\Lenovo legion 5\Downloads\data\DoS-DDoS-MQTT-IoT_Dataset\NormalData\CSV_Extracted_Split\Pcap_Files__NormalData9_part001.csv,normal,35,True
C:\Users\Lenovo legion 5\Downloads\data\DoS-DDoS-MQTT-IoT_Dataset\NormalData\CSV_Extracted_Split\Pcap_Files__NormalData9_part002.csv,normal,35,True
C:\Users\Lenovo legion 5\Downloads\data\DoS-DDoS-MQTT-IoT_Dataset\NormalData\CSV_Extracted_Split\Pcap_Files__NormalData9_part003.csv,normal,35,True
C:\Users\Lenovo legion 5\Downloads\data\DoS-DDoS-MQTT-IoT_Dataset\NormalData\CSV_Extracted_Split\Pcap_Files__NormalData9_part004.csv,normal,35,True
C:\Users\Lenovo legion 5\Downloads\data\DoS-DDoS-MQTT-IoT_Dataset\NormalData\CSV_Extracted_Split\Pcap_Files__NormalData9_part005.csv,normal,35,True
C:\Users\Lenovo legion 5\Downloads\data\DoS-DDoS-MQTT-IoT_Dataset\NormalData\CSV_Extracted_Split\Pcap_Files__NormalData9_part006.csv,normal,35,True
C:\Users\Lenovo legion 5\Downloads\data\DoS-DDoS-MQTT-IoT_Dataset\NormalData\CSV_Extracted_Split\Pcap_Files__NormalData9_part007.csv,normal,35,True
C:\Users\Lenovo legion 5\Downloads\data\DoS-DDoS-MQTT-IoT_Dataset\NormalData\CSV_Extracted_Split\Pcap_Files__NormalData9_part008.csv,normal,35,True
C:\Users\Lenovo legion 5\Downloads\data\DoS-DDoS-MQTT-IoT_Dataset\NormalData\CSV_Extracted_Split\Pcap_Files__NormalData9_part009.csv,normal,35,True
C:\Users\Lenovo legion 5\Downloads\data\DoS-DDoS-MQTT-IoT_Dataset\NormalData\CSV_Extracted_Split\Pcap_Files__NormalData9_part010.csv,normal,35,True
C:\Users\Lenovo legion 5\Downloads\data\DoS-DDoS-MQTT-IoT_Dataset\NormalData\CSV_Extracted_Split\Pcap_Files__NormalData9_part011.csv,normal,35,True
C:\Users\Lenovo legion 5\Downloads\data\DoS-DDoS-MQTT-IoT_Dataset\NormalData\CSV_Extracted_Split\Pcap_Files__NormalData9_part012.csv,normal,35,True
C:\Users\Lenovo legion 5\Downloads\data\DoS-DDoS-MQTT-IoT_Dataset\NormalData\CSV_Extracted_Split\Pcap_Files__NormalData9_part013.csv,normal,35,True
C:\Users\Lenovo legion 5\Downloads\data\DoS-DDoS-MQTT-IoT_Dataset\NormalData\CSV_Extracted_Split\Pcap_Files__NormalData9_part014.csv,normal,35,True
C:\Users\Lenovo legion 5\Downloads\data\DoS-DDoS-MQTT-IoT_Dataset\NormalData\CSV_Extracted_Split\Pcap_Files__NormalData9_part015.csv,normal,35,True
C:\Users\Lenovo legion 5\Downloads\data\DoS-DDoS-MQTT-IoT_Dataset\NormalData\CSV_Extracted_Split\Pcap_Files__NormalData9_part016.csv,normal,35,True
C:\Users\Lenovo legion 5\Downloads\data\DoS-DDoS-MQTT-IoT_Dataset\NormalData\CSV_Extracted_Split\Pcap_Files__NormalData9_part017.csv,normal,35,True
C:\Users\Lenovo legion 5\Downloads\data\DoS-DDoS-MQTT-IoT_Dataset\NormalData\CSV_Extracted_Split\Pcap_Files__NormalData9_part018.csv,normal,35,True
C:\Users\Lenovo legion 5\Downloads\data\DoS-DDoS-MQTT-IoT_Dataset\NormalData\CSV_Extracted_Split\Pcap_Files__NormalData9_part019.csv,normal,35,True
C:\Users\Lenovo legion 5\Downloads\data\DoS-DDoS-MQTT-IoT_Dataset\NormalData\CSV_Extracted_Split\Pcap_Files__NormalData9_part020.csv,normal,35,True
