class11,no,message_type,qos_level_1,qos_level_2,requested_qos,epoch_time,protocol,source,frame_length_on_wire_1,time_delta_from_previous_displayed_frame,time_since_reference_or_first_frame,frame_length_on_wire_2,stream_index,irtt,time_since_first_frame_in_this_tcp_stream,tcp_segment_len,calculated_window_size,syn,reset,acknowledgment,clean_session_flag_1,keep_alive,user_name_length,password_length,retain,clean_session_flag_2,will_retain,will_flag,will_message_length,will_topic_length,topic_length,msg_len,info
BCF_DDoS,1.0,0.17088165644544295,0.009947879813775096,0.1469332921097275,0.0,1.0,1.0,1.0,1.0,1.0,1.0,1.0,1.0,0.41191521237798656,1.0,1.0,1.0,1.0,1.0,1.0,0.1469332921097275,0.1469332921097275,0.1469332921097275,0.1469332921097275,0.009947879813775096,0.1469332921097275,0.1469332921097275,0.1469332921097275,0.0,0.0,0.009947879813775096,0.17088165644544295,1.0
BCF_DoS,1.0,0.18914387678269595,0.014095216055687976,0.1468700740563218,0.0,1.0,1.0,1.0,1.0,1.0,1.0,1.0,1.0,0.4730983175010721,1.0,1.0,1.0,1.0,1.0,1.0,0.1468700740563218,0.1468700740563218,0.1468700740563218,0.1468700740563218,0.014095216055687976,0.1468700740563218,0.1468700740563218,0.1468700740563218,0.0,0.0,0.014095216055687976,0.18914387678269595,1.0
DELAYED_DDoS,1.0,0.1948900676457096,0.01601013070417434,0.14656247375256015,0.0,1.0,1.0,1.0,1.0,1.0,1.0,1.0,1.0,0.44187443870859366,1.0,1.0,1.0,1.0,1.0,1.0,0.14656247375256015,0.14656247375256015,0.14656247375256015,0.14656247375256015,0.01601013070417434,0.14656247375256015,0.14656247375256015,0.14656247375256015,0.0,0.0,0.01601013070417434,0.1948900676457096,1.0
DELAYED_DoS,1.0,0.2419277504554982,0.03001150732221869,0.15456457114675948,0.0,1.0,1.0,1.0,1.0,1.0,1.0,1.0,1.0,0.5914866364371139,1.0,1.0,1.0,1.0,1.0,1.0,0.15456457114675948,0.15456457114675948,0.15456457114675948,0.15456457114675948,0.03001150732221869,0.15456457114675948,0.15456457114675948,0.15456457114675948,0.0,0.0,0.03001150732221869,0.2419277504554982,1.0
INVALID_DDoS,1.0,0.3411225785087477,0.029538053976488787,0.1597163198852034,0.08943650311827367,1.0,1.0,1.0,1.0,1.0,1.0,1.0,1.0,0.6368784149235609,1.0,1.0,1.0,1.0,1.0,1.0,0.1597163198852034,0.1597163198852034,0.1597163198852034,0.1597163198852034,0.029538053976488787,0.1597163198852034,0.1597163198852034,0.1597163198852034,0.0,0.0,0.11897455709476246,0.3411225785087477,1.0
INVALID_DoS,1.0,0.46202473660100774,0.1157764544205222,0.1738799816765918,0.16630325240494737,1.0,1.0,1.0,1.0,1.0,1.0,1.0,1.0,0.7266330737517178,1.0,1.0,1.0,1.0,1.0,1.0,0.1738799816765918,0.1738799816765918,0.1738799816765918,0.1738799816765918,0.1157764544205222,0.1738799816765918,0.1738799816765918,0.1738799816765918,0.0,0.0,0.28207970682546957,0.46202473660100774,1.0
NORMAL,1.0,0.4173316681037703,0.1200595382607963,0.07520615026267385,2.6327277635740387e-07,1.0,1.0,1.0,0.0,1.0,1.0,1.0,0.9949726746991483,0.6542775617307746,0.9949726746991483,0.9949726746991483,0.9949726746991483,0.9949726746991483,0.9949726746991483,0.9949726746991483,0.0,0.07520615026267385,0.07520615026267385,0.07520615026267385,0.1200595382607963,0.07520615026267385,0.07520615026267385,0.07520615026267385,0.0,0.0,0.12006278529170467,0.4173316681037703,1.0
SYN_DDoS,1.0,0.2988760296697621,0.052352138517838265,0.06643341887538656,0.0,1.0,1.0,1.0,1.0,1.0,1.0,1.0,0.9997427709596451,0.5787010335382458,0.9997427709596451,0.9997427709596451,0.9997427709596451,0.9997427709596451,0.9997427709596451,0.9997427709596451,0.06643341887538656,0.06643341887538656,0.06643341887538656,0.06643341887538656,0.052352138517838265,0.06643341887538656,0.06643341887538656,0.06643341887538656,0.0,0.0,0.052352138517838265,0.2988760296697621,1.0
SYN_DoS,1.0,0.49925838887390683,0.16367453866009174,0.15987016989636704,0.15614285163924957,1.0,1.0,1.0,1.0,1.0,1.0,1.0,1.0,0.7309781561813768,1.0,1.0,1.0,1.0,1.0,1.0,0.15987016989636704,0.15987016989636704,0.15987016989636704,0.15987016989636704,0.16367453866009174,0.15987016989636704,0.15987016989636704,0.15987016989636704,0.0,0.0,0.3198173902993412,0.49925838887390683,1.0
WILL_DDoS,1.0,0.16531351126205507,0.009964435615648304,0.13520874050815412,0.0,1.0,1.0,1.0,1.0,1.0,1.0,1.0,1.0,0.48449585082182567,1.0,1.0,1.0,1.0,1.0,1.0,0.13520874050815412,0.13520874050815412,0.13520874050815412,0.13520874050815412,0.009964435615648304,0.13520874050815412,0.13520874050815412,0.13520874050815412,0.10989715164525327,0.10989715164525327,0.009964435615648304,0.16531351126205507,1.0
WILL_DoS,1.0,0.1981410625993676,0.053951115537152594,0.13065849013749842,0.0,1.0,1.0,1.0,1.0,1.0,1.0,1.0,1.0,0.6282037842654227,1.0,1.0,1.0,1.0,1.0,1.0,0.13065849013749842,0.13065849013749842,0.13065849013749842,0.13065849013749842,0.053951115537152594,0.13065849013749842,0.13065849013749842,0.13065849013749842,0.07219106522004992,0.07219106522004992,0.053951115537152594,0.1981410625993676,1.0
